"","logFC","AveExpr","t","P.Value","adj.P.Val","B"
"GAS1",0.289162826165624,2.98832708544324,6.42346136427454,5.4763610969686e-08,4.10727082272645e-05,8.24485958804366
"BIRC5",0.320721478199834,2.95886865773698,5.77585215145495,5.38784341468519e-07,0.000136099383898891,6.09232947929862
"AQP9",-0.270269139009604,3.04111851993202,-5.69211897676612,7.22721179231632e-07,0.000136099383898891,5.81585060617691
"CENPF",0.398245598485462,2.80147423419688,5.69088087170138,7.25863380794087e-07,0.000136099383898891,5.81176708178424
"HELLS",0.165979060543394,2.94913067903329,5.51735693671377,1.33133353041947e-06,0.000192099781689093,5.24092695887153
"TREM1",-0.325887943319421,3.06417632098359,-5.4761686081468,1.53679825351274e-06,0.000192099781689093,5.10590029224931
"ANLN",0.218738999975428,2.94680847605788,5.08390171124104,5.96388210280236e-06,0.000638987368157396,3.83122121607941
"CDK6",0.131280650943488,3.27052155661015,4.99450803463877,8.09738483124058e-06,0.000759129827928804,3.54410795483463
"EZH2",0.151120601768117,3.0843341238354,4.93949952082372,9.76735016589243e-06,0.000813945847157702,3.36815712264284
"TCF3",0.105772781500231,3.24428418774554,4.85720093057635,1.29169855825076e-05,0.000968773918688072,3.10601130856508
"CCNB1",0.17813590286791,3.06715842786029,4.76621689901686,1.75669881639316e-05,0.00119774919299534,2.81782058455838
"BCL2L1",-0.0627013291113609,3.38179912662199,-4.71892095248167,2.05980051796182e-05,0.00128736242062286,2.66872149914808
"FANCA",0.172162838637919,2.82461522723964,4.69508739190274,2.23142819574629e-05,0.00128736242062286,2.59377832252644
"DNMT1",0.0773280191614516,3.34198816539507,4.66832269645327,2.44091170363507e-05,0.0013076312698045,2.50977487036833
"MELK",0.222909776118346,2.74639304147838,4.52718227306767,3.90748087656696e-05,0.00195374043828348,2.06965602029422
"MKI67",0.230406313060237,2.98051872853102,4.48669946828644,4.46821246951966e-05,0.00209447459508734,1.94434935997573
"SPP1",-0.126977140585367,3.95610657453062,-4.45285611692764,4.9967257190109e-05,0.00220443781721069,1.839927700948
"CDC25C",0.331964711022704,2.20508694023635,4.35495275414994,6.89328299203256e-05,0.00270195456753136,1.53962866824916
"SPRY4",0.135243915420291,3.20802041607927,4.34193965429889,7.19313418641553e-05,0.00270195456753136,1.49991841111722
"RRM2",0.19120285755967,3.11212925087415,4.33699271892759,7.31042731815607e-05,0.00270195456753136,1.48483545137574
"FBP1",-0.171965813955902,3.03454397749106,-4.32649773718032,7.56547278908781e-05,0.00270195456753136,1.45286046174714
"NOTCH1",0.105190999234901,3.24130871122483,4.26717857711549,9.17846048129656e-05,0.0031039211585376,1.2727476996393
"CCL20",-0.351829622689039,2.64123894296416,-4.25597327590433,9.51869155284863e-05,0.0031039211585376,1.2388438447018
"POLD1",0.0880115639801953,2.88120128336531,4.19288062323426,0.000116759796122973,0.00355173376412568,1.04867038264255
"PIK3R2",0.0740718970439227,3.2863826336943,4.18076477675492,0.000121415063339864,0.00355173376412568,1.01229436272306
"PDGFA",0.10429269266819,3.13604690700426,4.17642309723354,0.00012312677048969,0.00355173376412568,0.999270543315417
"SOX2",0.0835870935021288,3.58556170794751,4.0132903748039,0.000207492033270687,0.00557269088560931,0.514438339846137
"KIF2C",0.203356671621393,2.77231892785348,4.01244851346365,0.000208047126396081,0.00557269088560931,0.51195988313442
"CLEC5A",-0.192613695039309,3.03634802558954,-3.95450623468403,0.000249908489577257,0.00646315059251527,0.341981919495113
"ZEB1",0.0688018538769275,3.45807743538607,3.93027305531467,0.000269735474503742,0.00674338686259355,0.271251242311911
"BRIP1",0.166918196991146,2.77108498144892,3.81976793119487,0.000381100618049178,0.00922017624312528,-0.0485083022106734
"SLC11A1",-0.169585391810575,3.26009305381345,-3.77062749065459,0.000443805396697296,0.0103467030058138,-0.189191468009363
"UBE2C",0.233012458683276,2.8449810149874,3.76238282755931,0.000455254932255808,0.0103467030058138,-0.212701247805426
"CD300A",-0.112691228460303,3.16298120186217,-3.74022872726264,0.000487445671346024,0.0107524780443976,-0.275738852009647
"CDK2",0.080375430964823,3.25643554035104,3.71648669038144,0.00052436991551637,0.0109252668689847,-0.343074172798874
"S100A9",-0.17596102833626,3.36973270242206,-3.71646005566391,0.000524412809711263,0.0109252668689847,-0.343149582973356
"APH1B",-0.076531190771191,3.1000366967232,-3.65825883661877,0.000626649612416666,0.0127023570084459,-0.507232572893581
"IL1R2",-0.247520532983875,2.77028674277493,-3.61842803702292,0.000707358245757756,0.0138432349388044,-0.618704965003399
"HEY1",0.117926350604785,3.41864999096512,3.61265679057493,0.000719848216817828,0.0138432349388044,-0.634800462181815
"BLM",0.110242737360448,2.97873711161843,3.58290125584058,0.00078766851618039,0.0147687846783823,-0.717557629964419
"MARCO",-0.286064470939699,3.00418543068154,-3.57210701751283,0.00081375031611233,0.0148856765142499,-0.747483701239084
"CDH11",0.0907775135210134,3.45276067384066,3.55887395608772,0.000846852987281275,0.0151223747728799,-0.784101419268343
"BATF3",0.103947176119001,2.95631543868921,3.54442089613283,0.000884477512002261,0.0154269333488766,-0.824006706662374
"ITGB3",-0.133905083703394,2.94602812839242,-3.48341529615905,0.00106162260458297,0.0177037694963219,-0.991414641239842
"EXO1",0.161422768388555,2.77131204364987,3.48322456756384,0.00106222616977931,0.0177037694963219,-0.991935385096777
"IGF2R",-0.0545875463993646,3.29774184854359,-3.45594096976591,0.00115202016519617,0.0187064378014015,-1.06625548037995
"CXCL8",-0.286383597289669,3.20467018485055,-3.45006890335863,0.00117227010222116,0.0187064378014015,-1.08220601022517
"SOX11",0.21074616652002,2.98726406590547,3.42088756544046,0.00127803328208655,0.0195949986285659,-1.16123441542508
"ICOSLG",-0.112823103149452,3.28878568860195,-3.41938885984648,0.00128370327454981,0.0195949986285659,-1.16528242665577
"SREBF1",-0.0837246013572375,3.55804023172237,-3.41346933102515,0.00130633324190439,0.0195949986285659,-1.18126077370701
"IRF2",-0.0461214973947572,3.23449452120724,-3.40529996165108,0.00133818824379759,0.0196792388793763,-1.20328488859191
"CDKN1C",-0.122257706581134,3.25716431831981,-3.39502308743156,0.00137931107814413,0.0197730379624774,-1.23094585126225
"CEBPB",-0.0852572630648258,3.47788958330854,-3.38013024740452,0.00144104229228285,0.0197730379624774,-1.27094189748774
"CDC20",0.142909379655373,2.85110292024221,3.37817081260792,0.00144935700317074,0.0197730379624774,-1.27619625140355
"HAVCR2",-0.0879219922683747,3.31346412971455,-3.37801437771955,0.00145002278391501,0.0197730379624774,-1.27661566268839
"MXI1",-0.0773438501101782,3.11284275949581,-3.32951274407169,0.00167106147740704,0.0223802876438442,-1.40608253736164
"RICTOR",-0.0484895520075974,3.34499156785855,-3.29826555536088,0.00183000878083536,0.0240790629057284,-1.48888395940835
"CEP55",0.127762131310052,2.78248895728904,3.25648628053976,0.00206500114854063,0.0262956933006612,-1.59883727254863
"FCGR2B",-0.161112595263696,3.32322921060838,-3.25588303564405,0.00206859453965202,0.0262956933006612,-1.60041846373535
"NGFR",-0.16984169706838,3.19105690840213,-3.21809420858854,0.00230585834153749,0.0287856743843153,-1.6991006430665
"P4HA1",-0.0885195096586564,3.22379836033124,-3.21277731931335,0.00234123484992431,0.0287856743843153,-1.71292678300528
"CD163",-0.135399215401979,3.5776587079667,-3.20448592057413,0.00239742679934469,0.0290011306372342,-1.73445891634668
"CXCL16",-0.0812483509699811,3.25633240747212,-3.17949937999155,0.00257455902554078,0.0306495122088188,-1.79913238948308
"SAMSN1",-0.111785818027721,3.24627401620147,-3.16750379125993,0.00266391492155773,0.0312177529870047,-1.8300657186396
"BNIP3L",-0.0564024409561998,3.54009556917209,-3.11893690993479,0.00305642126366329,0.0352663991961149,-1.95453340450168
"SMAD5",0.0553875705609586,3.28017263590368,3.08352162426463,0.00337625715050494,0.0383665585284652,-2.0445043451428
"BRCA1",0.0820940914152812,2.92848512233499,3.07440380134911,0.00346354650254086,0.0387710429388902,-2.06755834274183
"CD47",-0.0518533307326576,3.52351720913706,-3.05001077760545,0.0037075960401354,0.0408926033838463,-2.12901270706957
"HK2",-0.111263492177327,3.26805593636599,-3.02585699196716,0.00396506065497852,0.0425801615990904,-2.18954309560927
"BRD4",0.0418782733196084,3.41075112465863,3.0232925414309,0.0039933579935954,0.0425801615990904,-2.19595081902215
"JAG1",0.0949832011881893,3.32673993879152,3.01991445286733,0.00403092196471389,0.0425801615990904,-2.20438600020186
"GLUL",-0.0568872684724764,3.87396018845588,-2.99213894618087,0.00435255801757833,0.0452001101724508,-2.27350161570773
"TYMS",0.0820415005993302,3.18821628297006,2.98824858482176,0.00439947739011855,0.0452001101724508,-2.28314785037893
"CD68",-0.102037051346763,3.52782817539148,-2.98190396365227,0.00447701130997905,0.0453751146281661,-2.29886125076627
"FCGR2A",-0.0965801586420838,3.50125163859701,-2.93947974694066,0.00502916059101527,0.0502916059101527,-2.40334662677364
"FPR3",-0.126890376290475,3.18114514125849,-2.92778156066876,0.00519222183672592,0.0512390312834795,-2.4319775184505
"WDR76",0.0994089931697055,2.8724410114325,2.91290848332964,0.00540665136889947,0.0523076095701431,-2.4682653725129
"CXCR4",-0.0918434522462976,3.43487627140422,-2.9106454741626,0.00543999139529488,0.0523076095701431,-2.47377556725642
"SIRPA",-0.0511085937521707,3.47463712709891,-2.90491989844231,0.0055252004697923,0.0524544348398003,-2.48770353879844
"TREM2",-0.0800527899852397,3.44716473193566,-2.8930228468788,0.00570624013371554,0.0534960012535832,-2.51658344221042
"S100A8",-0.158701943060122,3.20459818810903,-2.88235297006634,0.00587328240345246,0.0543822444764116,-2.54241440752689
"CDKN2B",-0.143336666283154,2.90613709656244,-2.85773354538923,0.00627620047953253,0.0574042726786512,-2.60176217454313
"IRF8",-0.102025469345176,3.14164870025907,-2.84603323407304,0.0064765479481742,0.0582584393835486,-2.62984208355196
"UBE2T",0.104271193766934,2.87279769184331,2.84325721839902,0.00652494521095744,0.0582584393835486,-2.6364924504331
"ERO1A",-0.079533282744602,3.34084582826753,-2.82171790580296,0.00691201436179218,0.0604058316107654,-2.68793775004188
"ADM",-0.115827091491935,3.37363554071644,-2.81261613695995,0.00708188196960553,0.0604058316107654,-2.7095936770902
"IL18",-0.112397669425598,3.16442671034754,-2.81248237967862,0.00708440687151073,0.0604058316107654,-2.7099115577475
"AKT1",0.0334405154179427,3.51857769556688,2.81231235558234,0.00708761757566314,0.0604058316107654,-2.71031561278711
"ZEB2",-0.0518445051416432,3.62143950528738,-2.80720594824191,0.00718467604244845,0.0605450228296218,-2.72244270289729
"MS4A4A",-0.113827653434544,3.42684816952661,-2.80073940631974,0.00730935190130417,0.0609112658442014,-2.73777749970924
"FCGR1A",-0.0867829531818369,3.29531962979833,-2.76864432624156,0.00795829414935029,0.065037954669658,-2.81351484086016
"FCGR3A/B",-0.0847862067815792,3.49395988962262,-2.76719457048952,0.0079888268752119,0.065037954669658,-2.81692121522896
"CD28",-0.176457585322768,2.72883601051132,-2.76306774776138,0.00807633331515596,0.065037954669658,-2.82661067658357
"IL10",-0.143791423464363,2.70796200788884,-2.75955924392015,0.00815142365193047,0.065037954669658,-2.8348402139646
"IFNGR1",-0.0445698000153638,3.58363326682809,-2.74895072606557,0.00838240780624977,0.0655004054435742,-2.85967781617777
"PFKFB3",-0.0490090722478094,3.40583467773518,-2.74887618836307,0.0083840518967775,0.0655004054435742,-2.85985208701083
"CCNA1",-0.110994247937014,2.8646908617583,-2.73963332544824,0.00859024336167888,0.0659696896579822,-2.88143571997318
"TP53",0.0605884862567878,3.29994699430073,2.73831461693461,0.00862003944864301,0.0659696896579822,-2.88451085213662
"NOD2",-0.105056680917373,2.87492512570635,-2.72231786110951,0.0089891489018996,0.0678547664283735,-2.92172887724458
"KDR",0.124103478923831,2.95844060918799,2.71649977825167,0.00912696597570513,0.0678547664283735,-2.9352260550606
"FLNB",-0.0826682971404695,3.35647663903961,-2.71604688254313,0.0091377752123543,0.0678547664283735,-2.93627583420581
"TLR1",-0.0878382123897379,3.10656710685571,-2.7096274974929,0.00929225863690504,0.0683254311537135,-2.9511418319054
"PDGFRB",0.107696504298759,3.23397509493364,2.68762504010891,0.00984016086937974,0.0710210805578551,-3.00190069275324
"SFRP4",0.178948612742031,3.11109571921261,2.67910270995366,0.0100602438466244,0.0710210805578551,-3.02148019293199
"ATF3",-0.0859883931512377,3.32637978725351,-2.67363952871451,0.0102036944131926,0.0710210805578551,-3.03400754999431
"TLR8",-0.124719256024403,2.86844370835819,-2.67346163055913,0.0102083970200266,0.0710210805578551,-3.03441516462885
"TNFRSF10C",-0.115203093326432,2.94555390930784,-2.67325067481151,0.0102139760580855,0.0710210805578551,-3.03489849772255
"GPR160",-0.0846549309948337,2.95219703786208,-2.67275727792936,0.0102270356003311,0.0710210805578551,-3.0360288390958
"HSD11B1",-0.150709477210675,2.71527740348405,-2.66715233273038,0.0103764705224441,0.071397732952597,-3.04885867172986
"ITGB2",-0.0846290766270621,3.54193869553134,-2.66341100240739,0.0104773312583808,0.0714363494889599,-3.05741164684362
"OLR1",-0.120050366991148,3.21894283259693,-2.65890048892221,0.0106001233170631,0.0716224548450208,-3.06771130241672
"GBP2",-0.096046321566909,3.3805889231147,-2.64745205757569,0.0109177384021628,0.0731098553716262,-3.09379581599666
"BRCA2",0.092104316837788,2.97343233250586,2.64136014394821,0.0110902796459978,0.0736080507477731,-3.10764200783826
"BCL2",-0.0522940822677018,3.1572440038034,-2.62773926521886,0.0114851340368647,0.0755600923477938,-3.13851530534753
"MMP1",-0.19931846193501,2.76638519722823,-2.60282468870976,0.0122408271816595,0.0798314816195183,-3.19468043781006
"SNCA",-0.118799965774393,3.27653407857701,-2.59915221577731,0.0123559826618722,0.0798878189345186,-3.20292563642546
"RASGRF1",-0.128293592171804,3.12198099306667,-2.57693021820105,0.0130741415006263,0.0838085993629894,-3.25263135645869
"TMEM140",-0.083300881167474,3.23217368134364,-2.56716758347029,0.01340151751136,0.0851791367247455,-3.27436707608174
"CSF1R",-0.0761368857479847,3.55197176194815,-2.55988333687458,0.0136506315623279,0.0854964465622512,-3.29054446960738
"MRC1",-0.185479201501705,3.06239873829958,-2.55904903491274,0.0136794314499602,0.0854964465622512,-3.29239514142819
"TNFAIP3",-0.104328988472712,2.97022425262213,-2.53702706028301,0.0144599136022661,0.0890597025511972,-3.34108030734415
"GNLY",-0.142312711704709,2.77638510791482,-2.53628114698324,0.0144870449483281,0.0890597025511972,-3.34272377062603
"BAMBI",-0.110482881456082,3.17409183704626,-2.52874763315267,0.0147636694798411,0.0898849358378868,-3.35930177197254
"FZD8",0.0876817760059008,2.87366337007092,2.52575452720729,0.0148748999302329,0.0898849358378868,-3.36587792695826
"SOX10",-0.205722013661431,3.28461650118387,-2.51822357406217,0.0151581423250795,0.0898849358378868,-3.38239804062428
"NFIL3",-0.0556081497920169,3.32839621407922,-2.51727119823508,0.0151943082884372,0.0898849358378868,-3.3844845306167
"SRP54",-0.0348995517841537,3.20597432261733,-2.51658234834433,0.0152205158018822,0.0898849358378868,-3.38599330724762
"HDAC11",-0.089300814378217,3.1882900526659,-2.50530188061675,0.0156555632463857,0.0912195921588151,-3.41065602612975
"OAS3",0.0922599543534188,3.27148968078815,2.50442703394526,0.0156897698513162,0.0912195921588151,-3.41256519571916
"TLR2",-0.0810066266699598,3.32278357768448,-2.49637739164776,0.016007707673878,0.0923521596569884,-3.43010798473739
"C5AR1",-0.152118951376597,2.8840780511656,-2.48204465842546,0.0165882987008915,0.0949711757684627,-3.461236823288
"DLL4",0.101244133355104,2.77939011929233,2.47424660332744,0.0169121309434796,0.0960916530879524,-3.47811552540819
"FAS",-0.0927782599807103,2.84262714880143,-2.46238246156344,0.0174157983510477,0.0982093891976377,-3.50371695335859
"GNG4",0.136759958138958,2.8448588496987,2.4545621759688,0.0177551677520592,0.099018097162213,-3.52054044806777
"ITGAM",-0.0896898115098779,2.99049294049479,-2.45001587101759,0.017955195049409,0.099018097162213,-3.53030179416255
"MAP3K8",-0.112254794244108,3.26433307954826,-2.45001391335794,0.017955281618748,0.099018097162213,-3.53030599443716
"FCAR",-0.14357751004255,2.80447299918095,-2.43888135387723,0.0184537126650187,0.100812737433793,-3.55414965039197
"LY96",-0.0804711755385585,3.28937033948489,-2.43576357004037,0.018595523965233,0.100812737433793,-3.56081225946239
"THY1",0.0832117396609857,3.43891785600795,2.433830092855,0.0186839606710629,0.100812737433793,-3.56494072891897
"TGFBR1",-0.0415438492544205,3.46064160970589,-2.40901742019702,0.0198530351400125,0.104139695927124,-3.61769637706903
"NID2",0.12614652988773,3.05082761476811,2.40789526230037,0.0199074307280172,0.104139695927124,-3.62007233250845
"NOTCH2",0.0386999374601262,3.46487669429094,2.4072167216392,0.019940387422508,0.104139695927124,-3.62150859503453
"CCND2",0.0732908417313651,3.51939178920998,2.40711073973523,0.0199455393914647,0.104139695927124,-3.62173289778063
"CTSS",-0.0840547296177894,3.5849916979056,-2.40609819111649,0.0199948216180078,0.104139695927124,-3.6238754933596
"VHL",0.0356414859360057,3.0449455337873,2.396478384388,0.0204685262816775,0.105865137441653,-3.64419636962895
"PPARG",-0.100473554584767,2.84409051900893,-2.39241580203561,0.0206715919964987,0.105865137441653,-3.65275909569258
"TNFSF9",-0.113639603133617,2.4711899886792,-2.39086534453292,0.0207495669385639,0.105865137441653,-3.65602401256991
"CXCL5",-0.148338764088353,2.78748494135468,-2.38691756021176,0.0209493021117483,0.106058047060058,-3.66432969787299
"FPR1",-0.0978500205603829,3.32347646304922,-2.3818699649498,0.021207197239416,0.106058047060058,-3.6749336252322
"HES1",0.0741250301139389,3.19515159978972,2.37939944230338,0.0213344592797353,0.106058047060058,-3.68011726675557
"CLEC7A",-0.0872248312075357,3.21147621438443,-2.37904022899114,0.021353020141425,0.106058047060058,-3.68087061612811
"PALMD",-0.065984898509591,3.12760872893697,-2.37118484677784,0.0217625565954032,0.107381035832582,-3.69732279571429
"CD45RO",-0.0877340777553623,3.23750435901552,-2.36491224510532,0.022094621938236,0.108180860056196,-3.7104293765004
"TSLP",-0.109342646083168,2.70912786133434,-2.3602779839967,0.0223428665683465,0.108180860056196,-3.72009513557813
"NDUFA4L2",0.0982850616479918,3.08830540782391,2.35781301138442,0.0224759245847403,0.108180860056196,-3.72523030007417
"NRAS",0.0290417649374968,3.39241724077209,2.35733851767614,0.0225016188916888,0.108180860056196,-3.7262183067693
"IL10RA",-0.0916177714431146,3.22902948879454,-2.32682516532315,0.024210241772006,0.11565402120385,-3.78942481799928
"CDH2",0.0517690708456016,3.55555301796313,2.32167809621825,0.0245096247894332,0.116040220903199,-3.80002247829254
"AREG",-0.245610457081312,2.62202610306521,-2.32012640268962,0.0246005268314781,0.116040220903199,-3.80321372105931
"PRKACB",-0.0461105701467446,3.46626590635476,-2.31254299225383,0.0250491283407148,0.117417789097101,-3.81878556571736
"P4HA2",-0.0722827466618083,3.01345152353394,-2.29273258126502,0.0262556666770846,0.121759685397488,-3.85927320979813
"ITGAX",-0.0745096998243069,3.38064762026577,-2.29201876323718,0.0263000920458575,0.121759685397488,-3.86072690278797
"SERPINA1",-0.0951800992055829,3.22951092847146,-2.27955540036202,0.0270866320006949,0.124631742334486,-3.88605036934117
"CD84",-0.084728596450597,3.31901430358854,-2.27642693583169,0.0272873221003468,0.124767991727455,-3.89238956730983
"IL6R",-0.067799512608318,3.10284556764038,-2.27392211530285,0.0274489581800401,0.124767991727455,-3.89746005896573
"SYK",-0.080162930796881,3.191810670792,-2.25421148644305,0.0287508841633239,0.129898573027066,-3.93720404279903
"SIRPB2",-0.0911938216882873,3.01274986579892,-2.2413338217659,0.0296308187463514,0.132915446114592,-3.96302010326373
"DUSP1",-0.0760710960956104,3.65657560471562,-2.23779446854438,0.0298768109102833,0.132915446114592,-3.97009464496763
"APOE",-0.0422759566616153,3.86057056105356,-2.23674239247904,0.0299502805244882,0.132915446114592,-3.97219582239977
"H2AFX",0.0531127019302637,3.1557415987252,2.22828874475331,0.0305464598041019,0.134444671237745,-3.98905028881859
"CD86",-0.0792625525102295,3.03736543996123,-2.22678805553024,0.0306533850422059,0.134444671237745,-3.99203690609476
"CXCR2",-0.100607925524305,2.77305088246093,-2.22077068165591,0.0310854634081709,0.135278759561167,-4.00399613926436
"HDAC3",0.0328689489169904,3.21401246297649,2.21912866957256,0.0312043005387759,0.135278759561167,-4.00725501443576
"ELOB",0.0620237270609496,2.95173567232559,2.20617899684848,0.0321556750296965,0.13680170343903,-4.03288764096338
"GOT2",-0.038839438884481,3.34561187351024,-2.20614588331388,0.0321581402870531,0.13680170343903,-4.03295303021542
"EPCAM",-0.131017418770751,2.48723431749459,-2.20468061404083,0.0322673949185305,0.13680170343903,-4.03584569876946
"LYZ",-0.11146972166272,3.55065492587635,-2.20391424598855,0.0323246680098836,0.13680170343903,-4.0373580072994
"A2M",-0.053069657831502,3.77875794509804,-2.20126872343729,0.0325230669234641,0.13680170343903,-4.04257525833205
"IL1A",-0.0845400746985789,2.89917373083143,-2.19958353262736,0.0326500065541152,0.13680170343903,-4.04589598204141
"PDZK1IP1",-0.124513585398392,2.65246499257038,-2.19659454096871,0.0328762335339609,0.136984306391504,-4.0517808091076
"ERBB2",0.0671996880793162,3.19741235567272,2.19413222399393,0.0330636366137314,0.137004019117671,-4.05662381852679
"API5",-0.0193597250788091,3.47136430287385,-2.18609432499023,0.0336819666282383,0.138799313028454,-4.07240242380603
"DEPTOR",-0.0750125435792457,3.1533149170432,-2.18225798474716,0.0339806628179679,0.139265011549049,-4.07991664594883
"PDK1",-0.0508291227227309,3.24751156204786,-2.16808072964671,0.0351048525096461,0.142594494884307,-4.10759220721667
"PIK3R5",-0.0834600843376401,3.16709764966815,-2.16723039876966,0.0351733087381291,0.142594494884307,-4.10924746696523
"HLA-DOA",-0.0839677900632614,3.02711658445823,-2.15708894037235,0.0359988514317591,0.144776541803159,-4.12894798047431
"CCNE1",0.0570190048260368,2.89774334005746,2.15588937055866,0.0360976177562542,0.144776541803159,-4.13127323212046
"TBXAS1",-0.0746319601453806,3.30439709696356,-2.15061249767005,0.0365349219634255,0.145751018471112,-4.14148936955845
"NECTIN1",-0.0772515353864125,3.25189631503457,-2.14516921699015,0.0369908869082401,0.146789233762857,-4.1520061777256
"MET",-0.122354467629574,3.125796376334,-2.14040688635016,0.0373939014357022,0.147607505667246,-4.16118941046497
"TAPBPL",-0.0410458923256094,3.12106971792822,-2.1329039321359,0.0380366615668737,0.14902190516295,-4.17562339934163
"LAIR1",-0.0836108540633425,3.2871368506176,-2.13159701167117,0.0381496077217153,0.14902190516295,-4.1781333592175
"COL11A1",0.159073733327407,2.95767633361029,2.12141430644979,0.0390397283999623,0.151708789119024,-4.19764603405439
"PVR",0.0578715118258755,3.03164215615005,2.10620571464304,0.0404030503643596,0.155765223050596,-4.22664613795051
"PIAS4",0.0311741396264114,3.21923654384267,2.10515279821292,0.040498957993155,0.155765223050596,-4.22864748824614
"CCR5",-0.082120188690133,2.92990877143948,-2.09701201756599,0.0412472232978429,0.157360548071927,-4.24409329682385
"LILRB2",-0.0832781082728595,3.04695194672467,-2.09608307429509,0.0413333706268929,0.157360548071927,-4.24585266879897
"LILRA1",-0.0809571780178593,2.93138511113566,-2.09157264647317,0.0417538910376489,0.158158678172913,-4.2543860181849
"ARG2",-0.0533419724045827,2.96262574498956,-2.08068350448529,0.0427845397617387,0.160815123287669,-4.27492455801598
"RNLS",-0.0834644171516281,2.89057491988282,-2.07964447280134,0.0428840328767118,0.160815123287669,-4.27687967798497
"ISG15",0.0843518503107643,3.48129415514344,2.07507219138249,0.043324254594635,0.161657666397892,-4.28547358953018
"EGFR",0.162450181167793,3.52187015494249,2.06816826776345,0.0439964278436415,0.163353073676887,-4.29842018943919
"IL18R1",-0.143651745727971,2.41539497597948,-2.05871495682482,0.0449315279136173,0.166003181946862,-4.31608928761855
"SGK1",-0.0547564274903372,3.5914514061498,-2.05448528799763,0.0453554830614579,0.166748099490654,-4.32397308401563
"CXCL3",-0.117871033512291,2.9241840430618,-2.0498725592035,0.0458217929252835,0.167343099641868,-4.33255546046284
"ITPK1",-0.0476967062308393,3.44382916582548,-2.04839224388131,0.045972321036967,0.167343099641868,-4.3353063016466
"CTAG1B",0.342414505257052,1.56890645728937,2.04629130414298,0.0461866955011555,0.167343099641868,-4.33920758880621
"PTPRC",-0.0822518247455553,3.12015346724338,-2.00845077665671,0.0501990547945267,0.181006207191803,-4.40890039996624
"TLR5",-0.0739166345700717,2.97672863980741,-1.99922514260731,0.0512217955805852,0.183810271222196,-4.42572605809449
"IL1RN",-0.138106230781563,2.56057135541128,-1.99476631528585,0.0517225101024937,0.184591705097407,-4.43383466119517
"TAP2",0.0428143486843551,3.21801578959082,1.99291363707739,0.0519317997007371,0.184591705097407,-4.43719936378515
"MLH1",0.0213235160734548,3.21410748148581,1.9794417773171,0.0534757427516772,0.189183052187537,-4.46158665570388
"HLA-DRA",-0.056195553267544,3.76976257055237,-1.97062791970742,0.0545071099928363,0.191926443636748,-4.47746620630428
"CASP9",-0.0266634055365933,3.06882902951105,-1.95468860845009,0.0564157543482857,0.19597719406701,-4.506030958368
"CCL7",-0.146007489303041,2.73362703005593,-1.95465280310071,0.0564201056223479,0.19597719406701,-4.50609490350793
"GPSM3",-0.0553550537005743,3.23401928291439,-1.95149209171551,0.0568053504235179,0.19597719406701,-4.51173573297555
"ICAM1",-0.0844940606369606,3.23450160419739,-1.95135998553353,0.0568215012698011,0.19597719406701,-4.51197133031776
"TGFBR2",-0.0616829243225494,3.27505831367485,-1.95019550017847,0.0569640377421443,0.19597719406701,-4.51404748045302
"ARID1A",0.0224163895571956,3.3645773025482,1.94696797987041,0.0573607000435201,0.196440753573699,-4.51979629470459
"CCL3/L1",-0.118012641369167,3.46751408699713,-1.93997220403445,0.0582286181752455,0.198506652870155,-4.53222928875122
"ANGPTL4",-0.0904940328341741,3.34100841327926,-1.93740932997935,0.058549380348934,0.198696992134391,-4.53677453864033
"RASAL1",-0.103958057788728,2.76464885522182,-1.90005000165595,0.0633996309746438,0.214187942481905,-4.60244895849248
"LILRA5",-0.121071123126106,2.75627786454188,-1.89498690514368,0.064082604470653,0.215524454497712,-4.61126528216599
"TRIM21",-0.0469872634595765,3.08580304564253,-1.89173879420357,0.0645240405970812,0.216040314499156,-4.61691057209424
"VCAM1",0.066799066296797,3.26286303567199,1.88212327822904,0.0658460400632335,0.219486800210778,-4.63357384490479
"TNFSF8",-0.0783924828699916,2.88528567237422,-1.87703293150248,0.0665551635593588,0.219960977447721,-4.64236567348617
"IL15",-0.102635183152894,2.65719858019307,-1.87189027175155,0.0672781502173342,0.219960977447721,-4.65122706840905
"SELL",-0.0931458813185904,2.86138462268577,-1.87181868679269,0.0672882609221128,0.219960977447721,-4.65135026998009
"CD96",-0.108529722288736,2.60437768098978,-1.87167551910742,0.0673084858846836,0.219960977447721,-4.65159665712063
"GOT1",-0.0578848345262197,3.23827930188381,-1.86936247314855,0.0676359600573892,0.219960977447721,-4.65557509006997
"ALDOA",-0.0277607752918079,3.7879363156938,-1.86857341683728,0.0677479810538981,0.219960977447721,-4.65693129636706
"CDKN1A",-0.0562325515228057,3.42002581514569,-1.86545385427247,0.0681924023116955,0.220449576438671,-4.66228828008492
"TNFAIP6",0.0612737284562601,3.04666167048566,1.86139152458012,0.0687748357279046,0.221378226591968,-4.66925264847235
"RAD51",0.0654884777806788,2.76709630784728,1.85097663024805,0.0702873480979619,0.225279961852442,-4.68704790661369
"HLA-DMA",-0.0632553815096477,3.47828668591546,-1.84555423479317,0.0710858992457313,0.226869891209781,-4.6962786878345
"HLA-DMB",-0.0663981485077483,3.38407184491695,-1.83856552781537,0.0721264203052106,0.229215318766559,-4.70814134996196
"NCAM1",-0.0415114227137017,3.600571682794,-1.82782417800178,0.0737507169754082,0.233388344858887,-4.7262978350893
"CD14",-0.0684636136516175,3.52254627425192,-1.81986445457491,0.0749741806575559,0.236263174341037,-4.73969297227772
"CD7",-0.108233446849284,2.3516984206281,-1.8162340573405,0.0755378477666824,0.237043455334777,-4.74578560133165
"IER3",-0.12425488649057,3.13541706006419,-1.81332624126743,0.075991893222351,0.237474666319847,-4.75065795889586
"NKG7",-0.102138544793779,2.92835538058591,-1.80117190595277,0.0779146782970918,0.242473065239912,-4.77095040372562
"CCL4",-0.131245209204661,3.21724160466683,-1.79836755398296,0.0783640741557742,0.242863866185251,-4.77561559691477
"ID4",0.0520570731135384,3.45484943515382,1.786103455444,0.0803550254179617,0.248009337709758,-4.79594320092032
"TWIST1",0.144366104913358,2.51202352844839,1.77847838738647,0.0816141117194538,0.250863048317993,-4.80852050694726
"ITGA2",-0.0518348443376877,3.19151345969405,-1.7671940230027,0.0835076942762078,0.255635798804718,-4.82704745419963
"NOS2",0.139029854589666,2.40197271743069,1.76281075899372,0.0842530610286288,0.255922195460886,-4.83421619712607
"PTPN11",-0.021252136130709,3.59593907475599,-1.76263121779946,0.0842837097051184,0.255922195460886,-4.83450950114763
"IL1B",-0.114049634508931,2.9822198020439,-1.75498151081671,0.0855982254598909,0.258865601189186,-4.84698199611295
"CSF2",-0.0968154363954854,2.42770433317506,-1.75137966422813,0.0862230542834383,0.259707994829634,-4.85283818298668
"CD69",-0.090253095450314,2.92513327183453,-1.74536885360611,0.0872742350558244,0.261822705167473,-4.86258757244167
"TNFRSF1B",-0.0796410335121553,3.16245159171447,-1.73852751749663,0.0884836134216929,0.263974383389585,-4.87364825758314
"PCK2",-0.0414309157488089,3.07170349579036,-1.73648949528836,0.0888465667258769,0.263974383389585,-4.8769358410855
"HLA-DPA1",-0.060369966758075,3.57861988924684,-1.73536499728674,0.0890473586634199,0.263974383389585,-4.87874834585346
"CXCL6",-0.146730028359189,2.7520902282715,-1.72668514585547,0.0906099625340878,0.267549101970732,-4.89270409077689
"C1QA",-0.0620490299410106,3.56847769083777,-1.70755885920003,0.0941335653037071,0.27678087937333,-4.92323838865975
"SERPINH1",0.0551035994462201,3.12872115292245,1.70249014662939,0.0950861292329606,0.27678087937333,-4.93128008249081
"C1QB",-0.0544677501235031,3.67717306878185,-1.70230759827401,0.0951205835897121,0.27678087937333,-4.93156930820743
"IFNAR1",-0.0255765094431371,3.34400361041993,-1.7018202192854,0.0952126225044255,0.27678087937333,-4.93234136689136
"MAML2",0.0403577340956405,3.16307222827831,1.68204372244223,0.0990097918903563,0.286243706724532,-4.96350445147037
"PC",-0.0330925874994632,3.27644189865626,-1.68091023089218,0.0992311516645044,0.286243706724532,-4.96528079692035
"GZMH",-0.0972407012421499,2.60315119662406,-1.67299692223796,0.100787912653832,0.287056856218303,-4.97765252892795
"ROBO4",0.0578160136952555,2.79560933757846,1.67027093217832,0.101328814022927,0.287056856218303,-4.98190237529771
"LRRC32",0.0559100681505802,3.00069719743313,1.6670118309826,0.101978624018624,0.287056856218303,-4.98697527614928
"SHC2",0.0527211259619818,3.14581583831596,1.66676630491051,0.102027716027597,0.287056856218303,-4.9873570895493
"HMGB1",0.033763083495725,3.10789790684914,1.66348500347754,0.102685663511671,0.287056856218303,-4.99245499243377
"NFAM1",-0.0738652697436346,2.90024597887732,-1.65982453971262,0.103423741044704,0.287056856218303,-4.99813144116252
"ITGA1",0.0680529326783335,3.11558400796327,1.65601104198513,0.104197295045634,0.287056856218303,-5.00403338738233
"TNFRSF18",-0.0811216986027912,2.4274505822933,-1.65243773274409,0.104926422513661,0.287056856218303,-5.00955265255869
"CRABP2",0.0692719933269816,2.95541919728972,1.65179061661845,0.105058911064802,0.287056856218303,-5.01055104170392
"CD209",-0.116056948378265,2.80448385198945,-1.651508632491,0.105116686439468,0.287056856218303,-5.01098598600488
"THBD",-0.129427799280225,2.82853018279505,-1.65084156788326,0.105253463994616,0.287056856218303,-5.01201463181318
"SNAI1",-0.0560880777084778,2.86172969385164,-1.64985659575221,0.105455692829509,0.287056856218303,-5.0135328303024
"CD276",0.0346646643736661,3.45631732937533,1.64798521465547,0.105840789840346,0.287056856218303,-5.0164150844052
"HLA-DPB1",-0.0535004609149241,3.56417574755714,-1.6478213749485,0.105874559833254,0.287056856218303,-5.01666728759975
"IRF1",-0.0493561629433117,3.25537581818018,-1.64760552841425,0.105919062719837,0.287056856218303,-5.01699951233576
"DAB2",-0.0608899119428008,3.31699386231728,-1.64728867435812,0.105984418884397,0.287056856218303,-5.01748713475198
"ATM",-0.0222527903326322,3.39859123330005,-1.64588999942401,0.106273311941338,0.287056856218303,-5.01963862725125
"MMRN2",0.0584421096232934,2.95104390847056,1.64416593989853,0.106630298002527,0.287056856218303,-5.02228839900951
"IRF3",0.0290602555888677,3.23841236114072,1.64341954850604,0.106785150513209,0.287056856218303,-5.02343478884429
"MAGEA12",-0.122701357316963,2.33502133585375,-1.63944888633747,0.107612028756844,0.287724354303165,-5.0295255723493
"HNF1A",-0.126143794107359,2.34011366374708,-1.63854626360466,0.107800724745586,0.287724354303165,-5.03090831590721
"LY9",-0.0860885390661728,2.63826015479413,-1.62848115162564,0.109923220316223,0.292348990202721,-5.04628122683394
"PVRIG",0.050109840811122,2.87877286904827,1.62355182606419,0.110975055268242,0.294103503361065,-5.05377917380381
"IL16",-0.0577436507252989,3.1063963608119,-1.61482064027815,0.112858243922297,0.297345933347647,-5.0670102441865
"S100A12",-0.0998045949957627,2.69907160558178,-1.61420752230881,0.112991454672106,0.297345933347647,-5.06793695459359
"HLA-E",-0.0379909914868906,3.64884690576304,-1.60081632183748,0.115932931489932,0.302710183000115,-5.0880987993534
"SLC1A5",-0.0549637051519296,3.21400541917928,-1.60044175345256,0.116016092306316,0.302710183000115,-5.08866058850222
"RIPK1",0.023883423814401,3.18944865018161,1.59866538614314,0.116411135813538,0.302710183000115,-5.09132323451865
"UBA7",0.0542752652164644,3.16261983193867,1.59761911523389,0.116644323849378,0.302710183000115,-5.09289027872399
"HCK",-0.055416484898537,3.29017795239222,-1.59296110662259,0.117687074702086,0.303522975818471,-5.099855611878
"MMP9",0.130415125456588,2.95919275950922,1.59234776416406,0.117824939065221,0.303522975818471,-5.10077141192973
"PF4",-0.0925047222710149,2.49100538782201,-1.59080801891328,0.118171611918658,0.303522975818471,-5.10306905773354
"SIGLEC8",-0.0963780081880317,2.73615032274602,-1.54787411407581,0.128174671010501,0.328092161289678,-5.16633072347055
"GZMA",-0.148150759094205,2.58407098392339,-1.54542507973959,0.128765145672262,0.328482514470057,-5.16989226823797
"RAD51C",0.0306674395293158,2.99451317714262,1.541159311225,0.12979884709579,0.32920386936789,-5.17608366704459
"BRD3",0.0175264762495226,3.35962701533222,1.53950206447286,0.130202226579034,0.32920386936789,-5.17848485026658
"ADGRE1",-0.0778728891702238,2.72176679948087,-1.53690725779522,0.130835825744612,0.32920386936789,-5.18223977457994
"TLR9",-0.074864400959521,2.60463069800343,-1.5366353283229,0.130902367929348,0.32920386936789,-5.18263295021112
"EIF2AK2",0.0285807856787055,3.39935623123247,1.53524663261247,0.131242609254666,0.32920386936789,-5.18463984806831
"TNFRSF9",-0.0742467156180422,2.54179379725358,-1.52340916201671,0.13417165965605,0.334847091201258,-5.20168034712797
"GLS",0.0540742242420529,3.09715709542696,1.52255385672777,0.134385299268771,0.334847091201258,-5.20290696811128
"BBS1",0.0299108596154394,3.13713769079685,1.51159357187966,0.137147049153878,0.340596976375525,-5.21857022122665
"CCL13",-0.104865690144011,2.48810255713552,-1.5091978130617,0.137756699910267,0.34069503235687,-5.22198031768057
"HDC",-0.0873177635132132,2.69168629198438,-1.50787181383521,0.138095053115318,0.34069503235687,-5.22386562102754
"NBN",0.017790128218051,3.36382592101478,1.49827933498387,0.140562459392053,0.344664244072449,-5.23745938934903
"LILRA3",-0.0932595200039956,2.53142438835895,-1.49800782616807,0.140632803275484,0.344664244072449,-5.23784300562325
"TCL1A",-0.111447703442072,2.14902837128465,-1.4962744095019,0.141082563906989,0.344664244072449,-5.24029067064305
"TYMP",-0.0619703781159724,3.35830177702853,-1.48076993528797,0.145156300211522,0.353465016748835,-5.26206909376807
"FADD",0.0309220122637424,2.99001935382698,1.46224303265824,0.150145375418351,0.364430522860074,-5.28782198742428
"CCL5",-0.0748417305893638,3.14133047141303,-1.4525534551385,0.152807854309993,0.369696421717724,-5.30117292695387
"CD44",-0.0352851331459418,3.64184738399436,-1.44914876587066,0.153752133527809,0.3707848879288,-5.30584488077797
"KLRD1",-0.0680854100169164,2.59155797589192,-1.43878367130568,0.156655033150261,0.376574598918896,-5.3200062611215
"RPTOR",0.0208892430464407,3.19401182551361,1.42355761708891,0.160996815560749,0.385775117158344,-5.34064015609217
"MX1",0.0735366340292116,3.33829401182342,1.42128880887794,0.161651727651636,0.386110814454544,-5.34369755279943
"MAGEA4",-0.0709496240527838,2.48295285287177,-1.41546715390291,0.16334169063879,0.388908787235215,-5.35152222092474
"RELB",-0.0416583664009686,3.03619036701411,-1.40736560867216,0.165716297978984,0.393313998367842,-5.3623621381602
"MTOR",0.0185622931190128,3.22620331394164,1.40212729279818,0.167265878271678,0.395739459633308,-5.36934060617434
"PLOD2",-0.0428044981244002,3.32759782356825,-1.39477130676247,0.169460821993944,0.399671749985716,-5.3790998334972
"CXCR6",-0.0835673336097673,2.67182110447483,-1.38674201227296,0.171882027664337,0.402889298322043,-5.38969841447173
"CD45RB",-0.0579355818209764,2.91627140536852,-1.38490551080652,0.172439551998604,0.402889298322043,-5.39211465863824
"CD5",-0.0661916919724819,2.61199994296394,-1.38392178245017,0.172738764992245,0.402889298322043,-5.39340771503198
"CXCL1",-0.102674276949283,2.89543140631637,-1.38314995659637,0.17297380541293,0.402889298322043,-5.39442164471094
"GLI1",0.093698207224659,2.63555714293155,1.37926709285131,0.174159977058509,0.404396231560006,-5.39951456520076
"PRKCA",0.0221802308776753,3.41708786831519,1.37347824439306,0.17594002482864,0.406960875075356,-5.40708294175794
"DKK1",-0.147184946382203,2.66709329343059,-1.37210323839495,0.176364883018923,0.406960875075356,-5.40887631814475
"TNFRSF8",-0.103756319523854,2.32668253792204,-1.37039976290454,0.176892327032755,0.406960875075356,-5.41109580837915
"CD80",-0.0569603063724959,2.81356211692051,-1.36666939160853,0.17805158716821,0.408375199927088,-5.41594729160028
"ENO1",-0.0219977728162761,3.76313296008479,-1.35784804431316,0.180816122849823,0.408877854173636,-5.42737118635902
"BAD",0.0265997985127586,3.1974041233847,1.35762317238491,0.180887023070627,0.408877854173636,-5.42766150855566
"NCR1",-0.0692866877876224,2.64419554134445,-1.35715654973577,0.181034213165012,0.408877854173636,-5.42826380263652
"CD274",-0.0502004243294047,2.90691307784344,-1.3564676142003,0.181251696598146,0.408877854173636,-5.42915269767877
"C5",0.0310818942232007,2.99520933960068,1.35465596721457,0.181824552379303,0.408877854173636,-5.43148817361482
"ITGAL",-0.0552273053829024,3.00840440075623,-1.35409294758414,0.182002865076167,0.408877854173636,-5.43221339994438
"HRAS",0.0255864352788837,3.25074357388749,1.35357141882301,0.182168156605041,0.408877854173636,-5.43288493315739
"CSF3R",-0.0543490680451502,3.17151809000639,-1.35210948712861,0.182632108197558,0.408877854173636,-5.43476607721638
"LOXL2",0.045241964181352,2.95645626280837,1.34657009723675,0.184398260902079,0.41160326094214,-5.44187683965198
"IL12RB2",-0.0823964423977479,2.65849287703682,-1.33293032833452,0.188802643782098,0.419269012022193,-5.45927062324887
"MMP7",-0.0932848101791248,2.87249873514472,-1.33204082039196,0.189092628111886,0.419269012022193,-5.46039924823155
"CD3D",-0.109621153186827,2.68873806855489,-1.33076362238389,0.189509593434031,0.419269012022193,-5.46201856066094
"CXCL13",-0.149667668424049,2.26686233580478,-1.32886225191631,0.190131625488622,0.419407997401373,-5.4644265706724
"CD2",-0.0553750022899737,2.749636506777,-1.31920501760278,0.193314943057786,0.425179493528855,-5.47660776543531
"HDAC4",0.0205507471447359,3.12590660342924,1.31738181606349,0.19392043053828,0.425264102057631,-5.47889821575159
"NFATC2",-0.0379574385612163,3.17033635423099,-1.3152175981782,0.1946410323232,0.425599924904955,-5.48161326006289
"PTGER4",-0.0691077827478206,2.96350450599868,-1.31189862938978,0.195750055042829,0.426780643261981,-5.4857689026261
"IFI6",0.0498519873565826,3.63666880861883,1.30881134478508,0.196785942780001,0.42779552778261,-5.4896256985518
"RORC",-0.0915955444823942,2.33637636294633,-1.30138684640962,0.199294051857267,0.430797927260234,-5.4988661824567
"CCL21",-0.0949129532163351,2.41907944020235,-1.30132265570261,0.199315841012402,0.430797927260234,-5.49894586066533
"MAP3K7",-0.0123183952001344,3.42613471024926,-1.29606589249187,0.201106316494361,0.433418785548192,-5.50545852944522
"PIK3CG",-0.0358527769259536,3.06789811807618,-1.29421726654246,0.201738833850819,0.433536175897176,-5.50774298448008
"SAMD9",0.0375221673740325,3.24703810770119,1.28493147071688,0.20493865998623,0.438458888375354,-5.51917204971729
"CD38",0.0368197575378022,3.06337664321858,1.28418146288061,0.205198759759666,0.438458888375354,-5.5200918218315
"DTX4",-0.0426739297741321,3.07172529220813,-1.27080522929616,0.209879227861866,0.447185854819317,-5.53641165516048
"PDCD1",-0.0675292625949884,2.57387362218615,-1.26587936985513,0.211622766853446,0.449020440762406,-5.54238133687952
"CASP3",0.023486647785246,3.24087129224301,1.2634480011196,0.212487334859233,0.449020440762406,-5.54531994902478
"CCL2",-0.0578038147852875,3.61774072876146,-1.26029948868826,0.213610817001023,0.449020440762406,-5.54911747720639
"CEACAM3",-0.078428093100213,2.60029874823381,-1.25903273696347,0.214064076253259,0.449020440762406,-5.55064285231669
"IL2RG",-0.0682643416669544,2.83120172530113,-1.25852118922197,0.214247316926457,0.449020440762406,-5.55125843271197
"IRF7",0.0397998039930449,3.17699242030991,1.25655789055859,0.214951669920858,0.449020440762406,-5.55361883379566
"SIGLEC5",-0.0575726035636936,2.75738062099611,-1.25568099642083,0.215266819886455,0.449020440762406,-5.55467197829762
"RBL2",-0.0142595475817155,3.38758168538171,-1.25494996080391,0.215529811565955,0.449020440762406,-5.55554942232253
"TNFSF18",-0.0623758815234954,2.8222278253848,-1.24607596213095,0.218741305181411,0.454165157229495,-5.56616255320598
"CCL22",-0.0760674933194525,2.53976345708215,-1.24478790676314,0.219210382556103,0.454165157229495,-5.5676971865723
"FGF13",-0.0904073006422124,2.78610998721089,-1.24175551278256,0.220317644172941,0.455201744158968,-5.57130421939914
"SFRP1",-0.0553227674158627,2.9177546487609,-1.23488055153784,0.222843309383058,0.459155170432126,-5.57945147436085
"TBX21",-0.0728640391325865,2.4647899494801,-1.23242123946198,0.22375196113219,0.45976430369628,-5.58235562148246
"PIK3R1",0.0212661463944683,3.39680411032778,1.23040512617771,0.2244988983019,0.460038726028484,-5.58473235800313
"STAT1",0.0287664088989934,3.51144028108586,1.22327175144428,0.227156449452781,0.46421617735582,-5.59311239209968
"IFI35",0.0369494960683436,3.29443738308301,1.21852681049831,0.228936951039218,0.464793408610717,-5.59866126642646
"OASL",-0.0499669032402994,2.96028448787346,-1.21803423510438,0.22912237145069,0.464793408610717,-5.59923613926293
"CXorf36",0.0452468713752685,2.95270368216425,1.21738060358993,0.229368588444173,0.464793408610717,-5.59999864001076
"BID",0.0233335050466765,3.04929854388525,1.21592444991103,0.229917806126102,0.464793408610717,-5.60169595021707
"TIE1",0.0406188073047993,2.93384490877179,1.20933272574531,0.232416074715087,0.467785166587187,-5.60935548129211
"PGPEP1",0.0234864326128106,3.14870016610702,1.20769139346481,0.233041218978382,0.467785166587187,-5.61125661506495
"MYCT1",0.0416506094176929,2.7936099025969,1.2070944905473,0.233268869738144,0.467785166587187,-5.61194739841714
"HERC6",0.0504035300334338,3.14636621653962,1.20545401558111,0.233895362395475,0.467790724790949,-5.61384423319548
"CD3E",-0.0696248291235091,2.77337724074329,-1.20049904357205,0.235795116493796,0.47033600364454,-5.61955880512791
"C2",-0.0562445096808939,3.08966898703684,-1.19810310161757,0.236717757079528,0.470923919919485,-5.62231410854421
"IFITM2",-0.0418647716482927,3.4239837481157,-1.19418454018216,0.23823240243275,0.472141381384629,-5.62680924718911
"FYN",0.0159562269266589,3.56703077333966,1.19233903204773,0.238948187562088,0.472141381384629,-5.62892150439293
"NFKB1",-0.0177255701932961,3.25261188111969,-1.19164364708265,0.239218299901545,0.472141381384629,-5.62971660267119
"COL17A1",-0.0579769556397323,2.33765854156674,-1.18911836186688,0.240201078447443,0.472836768597328,-5.63260032473536
"CCR4",-0.0833879714055272,2.66557418580821,-1.18503101829324,0.241797983886301,0.474734261556873,-5.63725561740767
"TAP1",0.0285916584082071,3.33847679796257,1.18303518962736,0.242580538202697,0.474922880070872,-5.63952328783361
"PECAM1",-0.0270586639899411,3.40345644730667,-1.18072681418699,0.243487929186186,0.474922880070872,-5.64214158497278
"TGFB3",0.0357102350139202,3.19667402746322,1.17995023243966,0.243793745103047,0.474922880070872,-5.64302134729018
"FCN1",-0.0910901815161727,2.6534255187158,-1.17083457519058,0.247404283416543,0.480707804565822,-5.6533073669407
"EGF",-0.0408938549199931,2.8614890208376,-1.1674776163096,0.248743591597009,0.482061224025211,-5.65707637473991
"CD45RA",-0.0850389858895726,2.30611180665067,-1.16464778082892,0.24987665135792,0.483008991026906,-5.66024562680769
"RIPK3",-0.0632590474359831,2.54954669701332,-1.15420136132977,0.25409155965161,0.489893752541665,-5.67188213629068
"MAGEA1",-0.0551167076726835,2.56904921076187,-1.15067459815797,0.255525991507439,0.491396137514305,-5.67578831966881
"CXCL11",0.0906759801223203,2.73004524050473,1.14742180055099,0.256854130953009,0.492557353285968,-5.67938104896506
"ESR1",-0.0541346968194114,2.66679321744983,-1.14313436141908,0.258612260998002,0.492557353285968,-5.68410185561226
"IFNG",-0.0565418825927897,2.42413953143183,-1.14272042491727,0.258782456223457,0.492557353285968,-5.68455674759203
"TLR7",-0.0446731070843742,2.97448571835679,-1.14151996894504,0.259276491490791,0.492557353285968,-5.68587509726852
"CD247",-0.0898286922624116,2.27658684906262,-1.14118724587957,0.259413539397276,0.492557353285968,-5.6862402642542
"FOSL1",-0.0471790538986743,3.10239468660459,-1.13281381480601,0.26287958353574,0.494463727785589,-5.69539702642835
"HMGA1",-0.0256702936732101,3.31564267156203,-1.13248533800201,0.263016220072324,0.494463727785589,-5.69575493117895
"NF1",0.0169041916939698,3.29034054610322,1.13167443262814,0.263353748914393,0.494463727785589,-5.69663806414929
"BAX",0.0156862409326477,3.43148935801678,1.13162445258211,0.263374562540552,0.494463727785589,-5.69669247634081
"BNIP3",-0.0318262375914222,3.17614644168654,-1.12947681054655,0.264270029881544,0.494463727785589,-5.69902841813318
"MFGE8",0.0225427082064882,3.39574106203595,1.12880475702234,0.264550689306249,0.494463727785589,-5.69975853244136
"CD27",-0.0725712220874519,2.65221737373563,-1.12717725675925,0.265231234983413,0.494463727785589,-5.70152493244037
"MAPK10",-0.0370033121324305,3.20233080340141,-1.12607741207517,0.265691843063456,0.494463727785589,-5.70271727703021
"LDHA",-0.0253627223819413,3.63033583526463,-1.11850077783614,0.268880325957613,0.497366203980342,-5.71090115736471
"AXIN1",0.0183446371079001,3.04237533495387,1.11781208003848,0.269171489093541,0.497366203980342,-5.71164245616215
"TGFB2",0.0358293582223901,3.36040293562076,1.11682065306533,0.269591029858362,0.497366203980342,-5.71270884577286
"CTSW",-0.0654804734704055,2.67485927164239,-1.11608163479745,0.269904060026666,0.497366203980342,-5.71350315825597
"LILRB4",-0.038566495674802,3.29838605013361,-1.11331639455587,0.271077629018345,0.498304465107251,-5.71647087406462
"PROM1",0.0465450646650485,3.02333129338079,1.11159766772358,0.271808871831297,0.498427026585509,-5.71831193045993
"PSMB8",0.0223396459636604,3.2786117365857,1.10655018308351,0.273964402378407,0.501154394594647,-5.72370306804562
"RUNX3",-0.0571921811941651,2.75860225749554,-1.10207144538893,0.275887111949456,0.501640202384787,-5.72846723800739
"SELP",0.0935394080508525,2.28727881762023,1.1014201656999,0.276167493135813,0.501640202384787,-5.72915849648635
"SLC7A5",0.0244727253542809,3.28170522846279,1.10125985686215,0.276236538113223,0.501640202384787,-5.72932858637767
"LIF",-0.062052697645361,3.090773105133,-1.09825197489959,0.277534283121989,0.502399037880788,-5.73251563175118
"PIK3CA",-0.0145210292118585,3.26605148578658,-1.09610930418787,0.278461342230002,0.502399037880788,-5.73478088064088
"PDCD1LG2",-0.048080480803097,2.86557605163034,-1.09564157811571,0.278663999677877,0.502399037880788,-5.73527480568189
"GHR",-0.0430668908660192,2.84222601265619,-1.09110003131063,0.280637152780931,0.504743080541244,-5.74006032551746
"PTCD2",-0.0209653683313462,3.00724563344954,-1.08681191962596,0.282509158368231,0.506340520620869,-5.74456145473071
"IRF4",-0.0677005615580102,2.66802647059698,-1.08597492382075,0.282875570853525,0.506340520620869,-5.7454380638502
"PKM",-0.0164492334642481,3.80136727071891,-1.07866436011997,0.286090043283518,0.509805085359871,-5.75306731411944
"FSTL3",-0.0540458813012741,2.85720267315183,-1.07706703147125,0.286795767698016,0.509805085359871,-5.75472774817257
"CCL8",-0.0627767229431546,2.9393319189967,-1.07694365428147,0.286850328029154,0.509805085359871,-5.75485590219118
"CD40",-0.0386920416291443,2.98755352693731,-1.06822186392866,0.290725633318456,0.515470981061093,-5.7638799606437
"VCAN",0.0292069511884407,3.57055317840498,1.06269551987304,0.293199839991642,0.518631792438046,-5.76956165784717
"CST2",0.165967717221535,1.82343372891621,1.05874055490298,0.294979444984463,0.520551961737287,-5.77361056225754
"PSMB5",0.0138088112278019,3.41469569523821,1.05557313194704,0.296410053342445,0.521202022130528,-5.77684284088208
"CMKLR1",-0.0500599911180135,3.21204301875496,-1.05484922911315,0.296737684599647,0.521202022130528,-5.7775802699361
"GIMAP4",-0.0274940729588264,3.35872004436593,-1.05108038235847,0.298447462161327,0.522980365936905,-5.78141174340407
"KLRB1",-0.0651798883755452,2.45812231029436,-1.04368246318115,0.301823303379678,0.52766311779664,-5.78889454418505
"IL7R",-0.0719213307564601,2.93561644927647,-1.03949584483535,0.303745325249286,0.528450301940081,-5.79310684500363
"GZMK",-0.0882181826817963,2.70302110649713,-1.03933424895493,0.303819679533964,0.528450301940081,-5.79326910816052
"ICOS",-0.0764153901203848,2.14547055446446,-1.03810135776855,0.304387373917487,0.528450301940081,-5.79450629730596
"STAT3",-0.0160059199566831,3.53836498839334,-1.03039545710033,0.307952067435847,0.53340427384962,-5.80220727693186
"IFNGR2",-0.0166505033257356,3.44411272493538,-1.02543559234573,0.31026147586264,0.535184808735607,-5.80713496890298
"ADAM12",0.0399323012361039,3.19012696083252,1.0251234921216,0.310407189066652,0.535184808735607,-5.80744428451555
"B2M",-0.0179736402790076,3.94114442724405,-1.02215308515981,0.311796342717767,0.536346919812673,-5.81038368289257
"MSH2",0.0177632516446411,3.23896912433408,1.01531633193211,0.315009685958197,0.539691412109309,-5.81711806594099
"IL24",-0.0746255166461367,2.43109436622924,-1.01440565462486,0.315439401520196,0.539691412109309,-5.81801184363387
"CD8B",-0.0654338464453601,2.74720220349074,-1.01343178756245,0.315899373221316,0.539691412109309,-5.81896678919546
"PMS2",0.0144357995872904,3.23797480457721,1.00132657323297,0.321654741914824,0.545785362410668,-5.8307635012037
"CSF3",-0.164185460182747,2.02890702664118,-0.999767344921035,0.322401171265797,0.545785362410668,-5.83227312125298
"BCL6B",0.0419945244740276,2.74867398773782,0.999666805582707,0.322449341136089,0.545785362410668,-5.8323703844828
"LCK",-0.0605236460755503,2.75047679104215,-0.99855512296996,0.322982287312598,0.545785362410668,-5.83344521774462
"SH2D1A",-0.0737107013076175,2.48579207451454,-0.998289949723254,0.323109500129539,0.545785362410668,-5.83370143191091
"CD40LG",-0.077970811517412,2.37753312643812,-0.996783889660067,0.323832648363663,0.545785362410668,-5.83515537157634
"PNOC",-0.0996205616304797,2.50314035789442,-0.994448689628478,0.324956064107479,0.546450780449797,-5.83740559672996
"COL5A1",0.057021533944531,3.27956991144985,0.992499389076994,0.325895832250674,0.546805087668916,-5.8392800902786
"HLA-DOB",-0.0637934744303141,2.46840986399378,-0.990891660307198,0.326672296737462,0.546884425341733,-5.84082346665755
"TDO2",-0.0713155168048134,2.70558347155407,-0.989297192769164,0.327443579748915,0.546954754591729,-5.84235174285857
"CX3CR1",0.0433411018058747,3.30726008482886,0.98689394274606,0.32860839230653,0.547680653844217,-5.84465076626918
"CD8A",-0.0495989274106057,2.9628388564683,-0.976963907718133,0.333450645176977,0.553446061040915,-5.85409325682463
"CCND1",0.0242650216138296,3.32890362181131,0.976774446588886,0.333543492787325,0.553446061040915,-5.85427252475055
"EIF5AL1",-0.0602267212818166,2.76102979769676,-0.973868228109238,0.334969874116728,0.554585884299218,-5.85701820217282
"ARNT2",0.0205227133533024,3.49322336582503,0.964099001327767,0.339794307466277,0.561334208369401,-5.86619015980454
"CD19",-0.0480182828868587,2.56541087736817,-0.957737364319912,0.342960517646622,0.565319534582344,-5.87211507925539
"PFKM",0.0243730006104674,3.22403633360672,0.954514390125544,0.344572001422881,0.56673026549816,-5.8751024060026
"IFIT2",-0.0412820781219407,3.3345060991389,-0.951244840606501,0.346211855283839,0.568181381756848,-5.87812300578347
"CASP8",-0.035169469376489,2.92031344304419,-0.947587300790425,0.348052372014557,0.568720160023569,-5.88149023625063
"PARP12",-0.0230526727027587,3.16861570146188,-0.945645788805121,0.349031965253968,0.568720160023569,-5.88327257279885
"LAMA1",0.0357016105032968,2.90646460253025,0.944760267680978,0.349479355541094,0.568720160023569,-5.88408432585038
"MICA",-0.0314029271046401,2.90987244739081,-0.944574367888443,0.34957332502782,0.568720160023569,-5.88425464634718
"SPIB",-0.048555403495627,2.6596772371553,-0.94178296205146,0.350986326232157,0.5689626784357,-5.8868082391295
"KAT2B",-0.0162255351809906,3.53093571232626,-0.941283339923012,0.351239626820972,0.5689626784357,-5.88726452837174
"FCGRT",-0.0234599381319494,3.48166493458617,-0.939727798195098,0.352029026826424,0.569012435603057,-5.88868366298281
"MYD88",0.0213621972264368,3.3349509110347,0.935253744758319,0.354305953229548,0.570355210796177,-5.89275278062495
"SLC2A1",-0.0215423637903878,2.94843220198795,-0.931835322818419,0.35605210057249,0.570355210796177,-5.89584920198404
"SFXN1",0.0161815175593345,3.31689683642467,0.930539360664643,0.356715545026102,0.570355210796177,-5.89702023406213
"COL4A5",-0.0366885358887474,3.25554509515866,-0.930053690131133,0.35696438208918,0.570355210796177,-5.89745868163716
"RAD50",-0.00972437330882059,3.32075248451556,-0.928904649688141,0.357553550722845,0.570355210796177,-5.89849511966875
"COL6A3",0.079372602151659,3.17824765418576,0.926906568319341,0.358579566171214,0.570355210796177,-5.9002944543712
"RIPK2",-0.0187758150484689,3.07797948860975,-0.926538383570674,0.35876883729822,0.570355210796177,-5.90062560873101
"HIF1A",0.0172119267437738,3.60309307601732,0.92619863854533,0.358943545994394,0.570355210796177,-5.90093107119673
"EIF2B4",0.0149795675510003,3.07163097445382,0.922476368605251,0.360861277712098,0.572190186647089,-5.9042706647953
"HLA-DRB1",-0.0384467722068451,3.58065346826071,-0.918935328709437,0.362691779766546,0.573879398364789,-5.90743562289131
"IRF5",-0.0332190571088824,2.99949708660579,-0.917324215790091,0.363526608250021,0.573989381447402,-5.90887173877676
"CD4",-0.0360539219605491,3.10761654411709,-0.913139065277417,0.365701010279471,0.576209575020175,-5.91259094223758
"DUSP2",-0.0643525559340787,2.54989129883764,-0.908164265329101,0.368296542397116,0.576884955808021,-5.91699052965433
"CCR2",-0.0457452047403835,2.77587884403742,-0.908068585112551,0.368346577844587,0.576884955808021,-5.9170749194271
"CLEC4E",-0.06096707943549,2.55949379546927,-0.90789532997681,0.368437191776056,0.576884955808021,-5.91722770829021
"KIR2DL3",-0.0533066997017722,2.88129594089968,-0.905571578499713,0.369653916338509,0.577584244278921,-5.91927423928845
"LAMB3",-0.0390458244731762,2.86690280829614,-0.902646545318386,0.371189131071487,0.578777231400448,-5.92184312009428
"NLRP3",-0.0357975884504036,2.95096528027733,-0.895807000871511,0.374794789016299,0.58318691236976,-5.92781854709125
"CNTFR",0.0575931244285508,2.8617410976766,0.889903795772408,0.377924718718923,0.586839625339942,-5.93294061949951
"PLA2G2A",-0.0800464181156104,3.1085558369447,-0.887406800097147,0.379253630729394,0.587686411254226,-5.93509735140417
"VTCN1",-0.030842739933707,2.7208024231939,-0.885786374341442,0.380117612592783,0.587810741122861,-5.93649382775195
"ITGAE",0.0149631321798545,3.14250853457172,0.882693913503752,0.381769915956183,0.588583428035139,-5.93915204755027
"CD74",-0.0227969752975836,3.91790301644143,-0.881914936371709,0.382186839270817,0.588583428035139,-5.93982022350381
"KLRK1",-0.0471917142088389,2.80928083972027,-0.873335832806122,0.386797567249076,0.594463474255752,-5.94714127991819
"TGFB1",0.019723732128297,3.50867244265109,0.865508316884232,0.391034764225444,0.597815147436957,-5.95376052010418
"TNFRSF14",-0.0225210668635465,3.26088846880563,-0.865212023722149,0.391195722906977,0.597815147436957,-5.95400994311779
"IL6",-0.0559518987347105,3.08156654030402,-0.864891944336451,0.391369649855394,0.597815147436957,-5.9542792967101
"THBS1",-0.0476813427411282,3.49320000115404,-0.861724571750709,0.3930933673793,0.599227694175762,-5.95693950355661
"ZC3H12A",-0.0430640959533228,2.71219269203165,-0.856163188054911,0.396131386542197,0.602633955185898,-5.96158750873648
"NFKBIA",-0.0148243768004996,3.67122798819544,-0.854040940579328,0.397294551862395,0.603179987645337,-5.96335351865621
"RB1",-0.0129345415083733,3.41751420916694,-0.84173552007087,0.404080707820389,0.612243496697558,-5.97350959886591
"CLEC14A",0.0255199801239026,3.02519332040114,0.83852948879106,0.405860442603257,0.613700266033151,-5.97613216556184
"SELE",-0.049234689609813,2.70780758252181,-0.832592729717686,0.409168784194326,0.617457923834496,-5.98096284918718
"IFIT3",-0.0308859077746395,3.40417591069498,-0.827766456712335,0.411870449666035,0.618493696357346,-5.98486538465608
"ICAM2",-0.0267987391256894,2.91413657148776,-0.827213202091577,0.412180847897517,0.618493696357346,-5.9853113400782
"TNFSF13B",-0.0218001885773256,2.96503075664174,-0.826948992001538,0.412329130904897,0.618493696357346,-5.98552420662348
"REN",-0.134329499599365,1.70857449378526,-0.821868882149905,0.415186586262716,0.621091167271446,-5.98960426148827
"ALDOC",0.0327341073744294,3.53381742607395,0.820928200291126,0.415717021293688,0.621091167271446,-5.99035708342189
"IFNA1",-0.0609021781869963,2.66054451180007,-0.816547862092075,0.418192452418874,0.623547394262735,-5.99385160750652
"NLRC5",0.024707735219593,3.10390016508578,0.813165442696592,0.420110047446634,0.625163761081301,-5.99653758338804
"IFIH1",0.0231590361548997,3.31412244025332,0.80852632935948,0.422748747546467,0.627145371189917,-6.00020386951327
"GMIP",0.0333731260166337,2.70417025777773,0.807885422459564,0.423114077096131,0.627145371189917,-6.00070877391132
"TNFRSF17",-0.0702513287336723,2.00019693026795,-0.804941298848356,0.424794732931154,0.628394575341944,-6.00302314191732
"WNT3A",-0.0634584777985343,2.19842126041733,-0.795423242682434,0.430255580876518,0.635219853656277,-6.01044901054148
"XCL1/2",-0.0446222539058976,2.64106799726235,-0.793292592303572,0.431483744447776,0.63575372283078,-6.01209954151157
"MLANA",-0.0360954269838873,2.73443297343941,-0.791363643251136,0.432597447553172,0.63575372283078,-6.01359010528474
"CTLA4",-0.0492418236590386,2.6931340913852,-0.790390070510414,0.433160203155372,0.63575372283078,-6.01434107607617
"CD70",-0.0439953889865645,2.72339953325349,-0.780745554059974,0.438758587856426,0.642712775180311,-6.02173178873951
"CYBB",-0.0218481697009856,3.54836531346935,-0.778610021897714,0.44000398184101,0.643280675206156,-6.02335631997196
"APC",0.0146925021872191,3.59549136253167,0.774993430851067,0.442117859699947,0.645113608511595,-6.02609762487844
"HLA-B",0.0175035661186449,3.8287798744465,0.771407410885744,0.444219774961698,0.646922002371405,-6.02880347453635
"SIGLEC1",-0.0525025845375144,3.12585269931368,-0.764207482062847,0.448457668484019,0.651828006517469,-6.03419926939168
"CLECL1",0.0306849403065415,2.8945998599965,0.760913600108051,0.450404321509529,0.653002742805331,-6.03665132838724
"CD79A",-0.0664917542930348,2.24906082622597,-0.759895126064022,0.451007227697549,0.653002742805331,-6.03740741792244
"VEGFB",0.0107424141919381,3.34575295309655,0.755605442785092,0.453551756724434,0.654419025314044,-6.04058112525844
"VEGFA",-0.0341120152557122,3.63032723334397,-0.754259906777272,0.454351611674913,0.654419025314044,-6.04157300307654
"FGF18",-0.0458935532189995,2.47934944121479,-0.753837160155849,0.454603082918156,0.654419025314044,-6.04188427955531
"FASLG",-0.0724102269685609,2.07574801604828,-0.745379233544022,0.459651256564223,0.660418472075033,-6.04807621079694
"LDHB",0.0109032973737992,3.67163028689685,0.74259956304876,0.461317363977549,0.660957962111992,-6.05009627425779
"RELA",0.0123726764772325,3.32905766674379,0.741813261353243,0.461789296195578,0.660957962111992,-6.05066636392456
"EPM2AIP1",-0.00840640429214989,3.36182582300395,-0.738024441820862,0.464067209773716,0.66232491934853,-6.05340508823312
"IDO1",-0.0368879886190987,2.81034455706067,-0.735626989242154,0.465511932557901,0.66232491934853,-6.05513099368496
"CCNO",-0.044372255184312,2.53800350013227,-0.734737333129463,0.466048701002922,0.66232491934853,-6.05577005351673
"LAG3",0.0418443596343914,2.61146486184378,0.734359546756761,0.466276743221365,0.66232491934853,-6.05604119730737
"E2F3",0.0110762668666844,3.24388331094973,0.730462761817071,0.468632674109906,0.664327797807968,-6.05883003369492
"CSF2RB",-0.0447862174709264,2.73057837318421,-0.728186328697472,0.470012105633428,0.664327797807968,-6.06045251151605
"GLUD1",0.0114960188298623,3.4884697910764,0.727371468319474,0.470506441629217,0.664327797807968,-6.0610320821435
"IL33",-0.0181216102632975,3.21465755565056,-0.725717541147012,0.471510708145428,0.664327797807968,-6.06220648952001
"MSH6",0.0103244165734027,3.0629682564224,0.724722275433874,0.472115621642196,0.664327797807968,-6.06291194005365
"CTNNB1",0.00867301185207392,3.7134232159836,0.720013450813424,0.474983573242899,0.667111760172611,-6.06623674794233
"CXCL12",-0.0473061558342018,2.96096592065693,-0.716575571535945,0.477083658114336,0.668808866515424,-6.06865077784411
"CBLC",0.0468794480140171,2.10717195586089,0.710995530607015,0.480503449305208,0.672089002282345,-6.07254493796462
"CX3CL1",0.0154674902575129,3.32147225664505,0.709491048310861,0.481427840794464,0.672089002282345,-6.07358977662615
"HLA-DRB5",-0.155272851458057,2.35045375880652,-0.70769112736834,0.482535067345128,0.672089002282345,-6.07483694657057
"NECTIN2",0.0135577840833387,3.29550338046309,0.706923088120977,0.483007962973579,0.672089002282345,-6.07536817907899
"IFITM1",0.0306256393189299,3.44235216016134,0.700785964768116,0.486796009153161,0.674798835920241,-6.07959277906455
"AXL",-0.0174476786768767,3.20727664581703,-0.699952565996368,0.48731168568003,0.674798835920241,-6.08016368264499
"ROCK1",-0.00871137950184275,3.20957737353864,-0.699398603686019,0.487654625425028,0.674798835920241,-6.08054279565011
"FZD9",-0.0397014675228791,2.51965144281513,-0.685371972354569,0.49638265476036,0.685571575169601,-6.09004415330367
"PARP4",-0.0123437551771417,3.24970103162581,-0.683956917679419,0.497267915856351,0.685571575169601,-6.09099220822996
"IL4",-0.120759701522199,1.93631796766138,-0.682124910870183,0.498415310097869,0.685892628575049,-6.09221675870536
"CDH5",0.019092856304042,2.98736985305927,0.680373222094568,0.499513757295548,0.686145271010368,-6.09338461176825
"IL34",0.0378060742058324,2.84197744861832,0.675662628306327,0.502474235950861,0.688950049292771,-6.09651056485332
"TNF",-0.0315383404212404,2.98254736557377,-0.670531241126314,0.505710030046392,0.69212139148685,-6.09989151740507
"ACVR1C",-0.0323889271198272,2.86186401083306,-0.667756320061237,0.507464565240422,0.693257602787461,-6.10170931505191
"TICAM1",-0.013610233161057,2.91457368474708,-0.658681510212541,0.513225354212556,0.699852755744394,-6.10760239377636
"CD3G",-0.0425088165282688,2.53342406856236,-0.656499194274654,0.514615933666076,0.700475408801374,-6.10900775945198
"CXCL14",-0.0315772834531454,3.46742232532942,-0.654694032911489,0.515767713269491,0.700771349550939,-6.11016678518022
"STC1",-0.0330961524433917,2.84683377262115,-0.651329007476456,0.517918437950029,0.70242102796116,-6.1123189751706
"APLNR",-0.0315314636809605,3.3935258775631,-0.649136672253005,0.519322218198307,0.703053544492293,-6.11371528105409
"TMEM173",0.0203533487683023,3.21537206506611,0.64353145054114,0.522920502075006,0.706649327128386,-6.11726423974369
"MAGEC1",-0.0512649258239866,2.27646502880273,-0.639830010182308,0.525303867692459,0.708593346707454,-6.11959123763245
"SERPINB5",0.0438267921192872,2.14042900292999,0.636037189560013,0.52775200638819,0.709696380753872,-6.12196200036702
"TNFRSF10D",-0.0295594318573289,2.68309665338911,-0.635631674546836,0.528014107280881,0.709696380753872,-6.12221465420804
"IL2",-0.0303957840118785,2.66337848795581,-0.632752906421758,0.529876737225488,0.710925854953696,-6.12400370110226
"MGMT",-0.01680076917701,3.12201735673888,-0.630026208272742,0.531644144677191,0.712023408049809,-6.1256908800724
"WNT5B",-0.0330148503824561,2.63993390821457,-0.624897905190511,0.534976566779929,0.714167249013916,-6.12884467366586
"TNFRSF10B",-0.0167608241585868,3.12971297914135,-0.624632499455476,0.535149325261094,0.714167249013916,-6.12900720247899
"FAM124B",0.0273894712264866,2.85007768968262,0.622120543991944,0.53678584795403,0.715078838304657,-6.13054210758281
"SOCS1",0.0290283775774833,2.88796957554403,0.620404434746664,0.537905372466912,0.715299697429404,-6.13158722099955
"LAMC2",-0.0332189129565923,2.44966424914799,-0.618718635415957,0.539006299781845,0.715495088205989,-6.13261111051327
"RPL23",-0.00739460781938517,3.81749175548341,-0.60923229459694,0.545223084631414,0.720110100623569,-6.13832163097586
"IFI16",-0.0174234975026413,3.43359314822178,-0.608881594208455,0.545453614599831,0.720110100623569,-6.13853107869709
"BCAT1",-0.0151957050672098,3.32788945623318,-0.608629169582568,0.545619574682458,0.720110100623569,-6.13868176001397
"HLA-DQB1",-0.133550963114619,2.78878752047752,-0.607558893127472,0.546323529673081,0.720110100623569,-6.13931996322566
"IKBKB",0.0112916680829231,3.18563459036303,0.604758665933376,0.548167521531701,0.721273054646975,-6.1409845005799
"PTGS2",-0.0376141333270943,2.86758297756285,-0.59943041713844,0.551684990087208,0.724630022005965,-6.14413085901981
"JAK3",-0.0302523918895905,3.017192413946,-0.597185683718544,0.553170278291235,0.725310679577668,-6.14544817666035
"NT5E",0.0174980859535774,3.19918063120574,0.587947853879501,0.559303933159825,0.731099835512369,-6.15081813450291
"KRAS",0.0084190020321202,3.25711798108299,0.587539345479663,0.559575955191956,0.731099835512369,-6.1510536964387
"MB21D1",-0.0205007025988628,2.93467770122033,-0.586137590728849,0.560509873892816,0.731099835512369,-6.15186077648087
"BMP2",-0.0205795175413588,3.01855988987253,-0.583180744254601,0.562482421973396,0.732398986944527,-6.15355699195433
"IL22RA1",-0.0349668250830866,2.62000953857179,-0.579454551295425,0.56497312304911,0.734367144344597,-6.15568250699791
"CDKN2A",-0.0204859393171875,2.93419870584555,-0.569323707705655,0.571772410108033,0.740641931432131,-6.1613934874473
"TRAF1",-0.0157572258231244,3.11412222921283,-0.569086337555023,0.571932200352653,0.740641931432131,-6.16152610728796
"PDGFB",-0.0138820411300444,2.96859264651415,-0.566545912031837,0.573643705601035,0.740641931432131,-6.16294203926193
"CD48",-0.033273158930367,2.90531291615803,-0.566387345342179,0.573750616216091,0.740641931432131,-6.16303021083727
"TNFSF13",-0.0245464991051736,3.11000358297621,-0.5626230715509,0.576291462157731,0.7426436368012,-6.16511619911711
"TPI1",-0.00793389631565189,3.65511781644525,-0.560747016964198,0.577559820814126,0.743001484752306,-6.16615069868055
"TLR4",-0.0154764540361239,3.39520609233175,-0.554662130219538,0.581682977990501,0.746510952080838,-6.16948258095059
"BIRC3",-0.0313352591567426,2.69133073382675,-0.552438927334259,0.583192966081093,0.746510952080838,-6.17069098425091
"MAP3K5",-0.0100037148068863,3.25649543622297,-0.551075760233904,0.584119753424011,0.746510952080838,-6.17142955315442
"KIR3DL1",-0.0400079837780809,2.64910767666494,-0.550855987115437,0.584269238495269,0.746510952080838,-6.17154845842748
"OTOA",-0.0253083272714045,2.44072338909382,-0.539488692107498,0.592025949045479,0.754589746880559,-6.17763472538453
"EIF4EBP1",-0.0141072834897837,3.30751436533437,-0.538643711104673,0.592604481216866,0.754589746880559,-6.17808214023521
"MAGEA3/A6",-0.0480658076045737,2.40449727106845,-0.527327880977152,0.600377712171585,0.762486792644449,-6.1840070696128
"ITGA4",0.021064367235152,3.06149996102687,0.525493958433218,0.601641961232183,0.762486792644449,-6.18495560050969
"OAS2",0.0209326352761732,3.35792698727935,0.523740187604732,0.602852113437873,0.762486792644449,-6.18585962093583
"TNFRSF4",-0.0269068475835001,2.47509669320763,-0.522404958832504,0.603774216524911,0.762486792644449,-6.18654589175144
"IL21R",-0.0353718059306902,2.34606663768811,-0.522238034361774,0.603889539774403,0.762486792644449,-6.18663156456874
"IL11RA",0.0140798398602726,2.91492400403999,0.517163111301503,0.607400516232075,0.76563090281354,-6.18922331341848
"ROR2",-0.0282282780215524,2.87786649521493,-0.511847694838392,0.6110879141347,0.768220406670017,-6.191911051956
"CHUK",-0.00844160924374737,3.23709911996352,-0.511249627478628,0.611503443709333,0.768220406670017,-6.19221174602919
"DUSP5",0.020559289413955,3.21842220874493,0.50577956360809,0.615309946291425,0.769270205446169,-6.19494583159671
"BBC3",-0.0144327052276254,3.12008597464934,-0.504960294297103,0.615880982609021,0.769270205446169,-6.19535281980901
"HDAC5",-0.0114105540229441,3.2006569013988,-0.504224755499757,0.616393862576845,0.769270205446169,-6.19571765723695
"ENTPD1",-0.00978144845014794,3.27304595474615,-0.504155937841222,0.616441857964197,0.769270205446169,-6.19575176483593
"ITGAV",-0.0103613081057707,3.66142745276671,-0.501588055120202,0.618233979387161,0.769974156435627,-6.1970211738968
"WNT5A",-0.0164433450251789,3.22555524483165,-0.500406716836918,0.619059221774245,0.769974156435627,-6.1976030038305
"FLT1",-0.0129887429461384,3.26812263118133,-0.497518645576569,0.621078814003944,0.771207136594302,-6.19901971409128
"CD6",-0.0310158556217002,2.61833296045719,-0.495568818955967,0.622443971775516,0.771208709080612,-6.19997159099177
"IL2RB",-0.0280248530607521,2.78284174134605,-0.494580231294726,0.623136636937134,0.771208709080612,-6.20045279196395
"EOMES",-0.038899145302854,2.32108858357182,-0.490533821360786,0.625975380325225,0.773445692329356,-6.20241249391081
"PRF1",-0.0386229397593629,2.47690577133942,-0.483338834300753,0.631037122036878,0.777463888904418,-6.2058577104231
"PRLR",-0.0284300932139194,2.64136694037725,-0.482257190320685,0.631799622558153,0.777463888904418,-6.20637128234551
"OAS1",0.0192420120877617,3.39775511367552,0.481494818510138,0.632337296308926,0.777463888904418,-6.2067325772178
"GZMB",0.0627159549756067,1.85170308193142,0.476293725879808,0.636010780295074,0.780038974437716,-6.20918231875928
"P2RY13",0.0165619514099848,3.13331759071451,0.47558537044813,0.636511803141176,0.780038974437716,-6.20951391923701
"HK1",-0.0106124856268188,3.35454945487781,-0.473180658422846,0.638213944517133,0.780849034890456,-6.21063598410896
"BTLA",-0.0334394893199725,2.35556255472548,-0.470446128456434,0.640151934903897,0.78110509675099,-6.21190509959122
"IKBKG",-0.0111729606949482,3.02343629295686,-0.469946671649868,0.640506179335812,0.78110509675099,-6.21213611422811
"PIK3CD",-0.0158458599112494,3.04207973140669,-0.466593872949989,0.64288636722123,0.782735025025849,-6.21368059669665
"IFI27",0.0204477618269245,3.54569723609985,0.464939635659368,0.644062124390796,0.782895613116851,-6.21443859250804
"TNFRSF11A",-0.0168825990525838,2.90585518078318,-0.460267942262801,0.647387508546193,0.785664452119167,-6.21656482663644
"CXCL10",0.0312262413623037,3.17404359559715,0.453523445494417,0.652201163187322,0.7889923163502,-6.21959691998338
"CXCR3",-0.0274640692325381,2.45350000426572,-0.452592608836664,0.652866697084585,0.7889923163502,-6.22001190803518
"OLFML2B",-0.0191871440742131,3.09963947400148,-0.452006869372197,0.653285637937965,0.7889923163502,-6.22027261068541
"IL2RA",-0.0314792524927463,2.84841308925831,-0.44858837441793,0.655732907739731,0.790674727981991,-6.22178744757948
"SBNO2",0.0113873382367946,3.18254440586662,0.439847736216785,0.662007557273489,0.795057166661242,-6.22560883157243
"MICB",-0.0133188385212892,2.91539683954684,-0.437294450840477,0.663845141084331,0.795057166661242,-6.22671104798531
"ADORA2A",0.0177453629195843,2.78843438041535,0.437032592699919,0.664033716944966,0.795057166661242,-6.22682372852105
"F2RL1",-0.0174508490494207,2.83925410534318,-0.436127385373488,0.664685766537875,0.795057166661242,-6.22721273380386
"WNT4",-0.0307537388416583,2.63696837549252,-0.435209995466189,0.66534685870435,0.795057166661242,-6.22760615817595
"TWF1",-0.00573808186240932,3.50394189637832,-0.431562384140162,0.667978061740312,0.795057166661242,-6.22916231321061
"PRR5",0.0134031246001443,2.86959310176258,0.430340438965862,0.668860455317448,0.795057166661242,-6.22968071766604
"LTB",-0.027223652049587,2.6664146625517,-0.430167128075254,0.668985645175036,0.795057166661242,-6.22975412590411
"CXCL9",-0.0239066749027348,2.92456070746112,-0.429788231440385,0.669259371444975,0.795057166661242,-6.22991451066505
"STAT2",-0.00815949865754151,3.52854576370167,-0.428807388181941,0.669968172439874,0.795057166661242,-6.23032904462763
"FCRL2",-0.0286747922269655,2.60450100527348,-0.422257620178825,0.674709071442579,0.797953099164968,-6.23307308259417
"PSMB9",0.00997347768900569,3.2800006208787,0.420321647559942,0.676112944941184,0.797953099164968,-6.23387613652775
"ULBP2",-0.0178055701766904,2.93998741141081,-0.41959378224717,0.676641058443553,0.797953099164968,-6.23417711239346
"MAP3K12",0.00839848081210981,2.94443716259219,0.419561854170766,0.676664228091893,0.797953099164968,-6.23419030295565
"PRKAA2",-0.0141860508079339,2.88545644290383,-0.41364650019091,0.680962323203994,0.801760977084765,-6.23661694252305
"MRE11",-0.00459179089885842,3.19228182021893,-0.411725414914352,0.682360493351565,0.802147915381933,-6.23739766617179
"CD244",0.0242491794232098,2.40183563032463,0.403462089971257,0.688387335480915,0.806929580554119,-6.24071471438322
"ARG1",0.0261996240143123,2.59666193700871,0.403198519788482,0.688579908739515,0.806929580554119,-6.24081941727121
"CES3",-0.0179661512363021,2.67082845609653,-0.399841814134462,0.691034248122696,0.808542412000034,-6.2421469204965
"PSMB10",-0.0110228779559227,3.17955120671273,-0.39515805499401,0.694464494873289,0.81129029774917,-6.24398082293717
"STAT4",-0.0216126818308857,2.78578771154229,-0.391557074742875,0.697106145856696,0.813030623396777,-6.24537617290854
"ICAM5",0.0301375069228764,2.72349858382807,0.390173282562812,0.698122295290032,0.813030623396777,-6.24590900557249
"WNT10A",-0.0237860545954356,2.47020454732645,-0.381841843095396,0.704251999400752,0.818897673721805,-6.2490774314961
"SLAMF7",-0.0292730180452843,2.47869452841289,-0.378742919078767,0.706537067044564,0.820282972574958,-6.25023860431693
"HLA-F",-0.0137375681501926,3.30255598084201,-0.374411897208555,0.7097352235953,0.822722438479868,-6.2518456895555
"DDB2",0.00992206178377408,3.32932382251406,0.365734171367988,0.716158959365635,0.827664512614017,-6.25501038844068
"CXCL2",-0.015778878440702,3.2040709937138,-0.363464658797354,0.717842424940594,0.827664512614017,-6.25582589023118
"NFKB2",-0.0107142463576153,3.14212191165613,-0.362754847757691,0.718369235025183,0.827664512614017,-6.2560799097294
"TPM1",0.00918891477877137,3.40289040492339,0.362089655859545,0.71886305486769,0.827664512614017,-6.2563175132143
"EGR1",0.0104419098234558,3.61476656456719,0.360980296531408,0.719686881443039,0.827664512614017,-6.25671280655221
"MS4A6A",-0.0175965746352054,3.06299616832164,-0.359724442683577,0.720619902315938,0.827664512614017,-6.25715884398781
"ANGPT1",0.0136052368935342,3.09009208983196,0.354568834207953,0.724454680338332,0.830796651764143,-6.25897374326775
"GZMM",0.0272512339265503,2.36578879226384,0.344270346977239,0.732136063290685,0.838323736592387,-6.26252103583671
"DPP4",-0.0151269485883159,2.92279463795683,-0.339039486778333,0.736048314487648,0.841518652234354,-6.26428295876327
"SMAP1",-0.00374582768602583,3.37429573666836,-0.335758258952388,0.738506016942272,0.843043398335927,-6.26537448176906
"TIGIT",-0.0207361975531466,2.64349914675144,-0.333645648306126,0.7400898641753,0.843567474363944,-6.26607166569825
"IL32",-0.0147056245937534,3.13398168969505,-0.330518254616901,0.742436591361404,0.844287350872148,-6.26709569793153
"CCND3",0.00874386640429048,3.1232689516021,0.329359398107868,0.743306800419428,0.844287350872148,-6.26747271588258
"PLA1A",-0.017811422679173,2.65119367264047,-0.327300028702806,0.744854057167792,0.844287350872148,-6.26813945075727
"HLA-DQA2",0.0417215831651787,2.3298732722927,0.326559717151499,0.745410532048698,0.844287350872148,-6.26837811444742
"WNT2B",-0.0146216114409641,2.94449390561174,-0.324628402485255,0.746862900454625,0.844287350872148,-6.26899820452954
"FGFR1",-0.00692565482246454,3.30475902424267,-0.323813844749514,0.747475734638808,0.844287350872148,-6.2692586379476
"IRF9",-0.00824587015398404,3.33208944862944,-0.321495279991949,0.749221011698807,0.844986103419707,-6.26999637217655
"vsir",-0.0118716682550817,3.16888941175512,-0.307349085262741,0.759897822666166,0.855740791290727,-6.27438313105372
"FGF9",-0.0216511191068052,2.63712751966247,-0.30463732343163,0.761949992956441,0.856765359396298,-6.27520160167819
"HLA-DQA1",-0.0896806790989269,2.82883212779196,-0.302428039764515,0.763623182497777,0.857361357594809,-6.27586307234813
"CDH1",-0.0144071472651919,2.79026633783711,-0.297707975511267,0.767201706355843,0.860091599053635,-6.27726021439657
"CD1C",0.0308427844919512,2.16873777091491,0.295684609918675,0.7687372982612,0.860526826411791,-6.27785242761328
"SLC16A1",0.00717911128627158,3.38582692837061,0.292391803254566,0.771238305611973,0.861785975778795,-6.27880758760797
"TAPBP",-0.00530289312636967,3.47380091680137,-0.291178815450441,0.772160234297801,0.861785975778795,-6.27915675864813
"WNT11",-0.0181649043046175,2.26529251467744,-0.285452309258398,0.77651711273315,0.865360823996824,-6.2807856598002
"MS4A1",-0.0157754027471162,2.69136368545835,-0.280703974684726,0.78013528596407,0.868103063016398,-6.28211186972565
"TRAT1",-0.0180340579092362,2.68610681665945,-0.277212894014397,0.782798588203103,0.869393029152292,-6.28307278579481
"NEIL1",0.00596961588268297,3.01592493369915,0.276146153467913,0.783612916942599,0.869393029152292,-6.28336401413836
"MFNG",-0.00929623603744645,2.93858402851341,-0.273833954275539,0.785378842461998,0.870065187365581,-6.28399142013356
"NFKBIE",0.00760824518866654,2.85946656308534,0.271842771363607,0.786900507881032,0.870465163585213,-6.28452750547981
"CSF1",0.00752631024228556,3.27252535753558,0.267558500817723,0.790177394302564,0.872234170854968,-6.28566773406505
"FUT4",-0.00844344286811349,2.91741653607772,-0.266711555146864,0.790825648241837,0.872234170854968,-6.28589100502717
"CD36",-0.0155229788669691,2.95368030676767,-0.264265504613376,0.792698696779695,0.873016185880721,-6.28653186794767
"BLK",-0.015946805624548,2.22688806923735,-0.257829060455577,0.797633235497878,0.87716264900793,-6.28819008241747
"GBP1",-0.00975100570603882,3.29967715883751,-0.250360305473752,0.803369659530738,0.882177517786315,-6.2900631455897
"WNT2",-0.0143072410746812,2.6964332548211,-0.248138125049668,0.805078545488431,0.88276156303556,-6.29060983976327
"IL17A",-0.0161245146325109,2.52483605084334,-0.244878586617873,0.807586909449894,0.884219243923241,-6.29140294650975
"GIMAP6",-0.00825532949154217,3.01725443141196,-0.240546636972388,0.810923698643829,0.886578387730134,-6.29244080180998
"TAF3",-0.0095095696576224,2.67953746776712,-0.23838644338126,0.81258896910161,0.886862622615568,-6.29295143977296
"WNT7B",0.0197565715986858,2.51568523120442,0.23581111231453,0.81457540675858,0.886862622615568,-6.29355420530484
"TNFRSF1A",0.00427030817248353,3.42065321916503,0.232616507488781,0.817041218835388,0.886862622615568,-6.29429283752721
"FAP",0.0140226779937844,2.85632553446751,0.231585786431928,0.817837198999435,0.886862622615568,-6.29452900831829
"CPA3",0.0260449687202162,2.43712612997041,0.230595012441488,0.818602512447577,0.886862622615568,-6.29475503961896
"IL11",-0.0147878491449762,2.640590851261,-0.230060637924118,0.819015358751724,0.886862622615568,-6.29487654835124
"ANGPT2",-0.00642887593862218,3.16875741929973,-0.229349092449948,0.819565163854625,0.886862622615568,-6.29503790648051
"ITGA6",-0.0039929017126874,3.35071981860512,-0.227953816757611,0.820643546793605,0.886862622615568,-6.29535286724767
"MYC",0.00789236967133045,3.27823452764542,0.22473189118588,0.823135046826261,0.888275230388052,-6.29607283734599
"TNFRSF11B",-0.0102117238940771,3.01187184533436,-0.220470605453184,0.826433101328422,0.890552910914248,-6.29700935496953
"PTEN",-0.00618957529965725,3.16714813867479,-0.21671119397675,0.82934535273765,0.892408916145247,-6.29782071953153
"MS4A2",0.0202486678595903,2.09274875338688,0.213781374290017,0.831616635895848,0.893570883842243,-6.29844338402099
"TLR3",0.00904964275452658,2.99064077871629,0.211435415423618,0.833436339884905,0.894244999876507,-6.2989358642526
"TWIST2",0.0192111427767321,2.06473193587574,0.206466262671383,0.837293820830783,0.897100522318697,-6.29996111170894
"CCL18",0.0102285972529921,3.03622690532028,0.199625073739731,0.842611123600383,0.900534374749182,-6.30133278292428
"DEFB134",-0.0128932238255159,2.60868924556653,-0.199253459240638,0.842900174765234,0.900534374749182,-6.30140597121092
"TNFSF10",0.00820436068474928,3.07649707853279,0.193751414421846,0.847182337620384,0.903726254106296,-6.30247365100782
"JAG2",0.0133737292021534,2.50241641690739,0.191358621006413,0.849046075431631,0.903726254106296,-6.30292866346361
"FAM30A",0.0140346940073965,2.57086119513521,0.190772573369409,0.849502678859919,0.903726254106296,-6.30303924534121
"RPL7A",-0.00188903984827871,3.78116466759397,-0.185809483001897,0.853371611005951,0.906556243986491,-6.30396215681694
"GPC4",0.00556546545135861,3.07286926405279,0.179406909497674,0.858368043682968,0.910574303765525,-6.30511686584037
"IHH",-0.0106202098173735,2.19086014523953,-0.168114995290689,0.867194163760349,0.917507703137241,-6.30705483329961
"CASP1",-0.00561724336141722,3.15864719302091,-0.167915036506316,0.867350615365739,0.917507703137241,-6.30708801768609
"APOL6",0.00446908962022441,3.26086354484071,0.160361329744421,0.873264650185859,0.922462658647034,-6.30831270930734
"COL11A2",-0.00531657394139717,2.74328210960618,-0.150885412892548,0.880693944178314,0.929002050821006,-6.30976943644102
"PPARGC1B",0.00374642848206941,2.94159485936502,0.147867682889375,0.883062208739718,0.930191933363467,-6.31021474678697
"IFIT1",0.00640877837494092,3.28854333101636,0.141051339804477,0.888415497669891,0.934518405683616,-6.31118751835167
"LGALS9",-0.00525994666711638,3.18180527141128,-0.138968687024854,0.890052190931793,0.934928771987178,-6.31147559037002
"DLL1",-0.00478087385264248,3.05794435398194,-0.135971093674835,0.892408754790868,0.93609309943098,-6.3118827005198
"PRKX",-0.0113809603892334,2.02406930879022,-0.133152761355103,0.894625286651876,0.937107493001267,-6.31225737434905
"TNFRSF25",0.00443854251759035,3.06168438223131,0.12994262596656,0.897150992669052,0.938442460950891,-6.31267458268005
"KIR3DL2",0.0108437079854267,2.37336681447396,0.125495831658826,0.900651461699803,0.940791916817343,-6.31323570673561
"VEGFC",0.00504835478526955,2.84545890431654,0.122656476422475,0.902887619189447,0.941816014453527,-6.31358378118071
"TNFSF4",-0.0039117487013085,2.87278749232699,-0.119249026025299,0.905572232299164,0.943304408644962,-6.31399098933072
"DTX3L",0.00271775400520324,3.35337545354707,0.116843583448165,0.907468070094954,0.943968172775611,-6.31427154884943
"JAK2",0.00216944406323227,3.34393034788099,0.112481032032869,0.910907773442254,0.946233836678242,-6.31476579821427
"TTC30A",-0.00281841899799451,3.07637192539784,-0.110304343642902,0.912624656538516,0.946706075247423,-6.31500537498615
"EDN1",0.00244555722116768,3.03222850999781,0.084939648626565,0.932660158535288,0.965591878125731,-6.31745215139397
"JAK1",-0.00105640530840834,3.37645195928447,-0.0839972561449861,0.933405482188207,0.965591878125731,-6.31753081375695
"TNFSF12",-0.00150843513894117,3.28238573229986,-0.080516936930112,0.936158529461538,0.966829708079424,-6.31781371606084
"CD79B",0.00670659507828386,2.24062292141546,0.0783836259664141,0.937846440207107,0.966829708079424,-6.31798120952232
"CCL14",0.00773574359972162,2.48918435178638,0.0775964120707359,0.938469369975761,0.966829708079424,-6.31804188066438
"TPSAB1/B2",0.00640900961047919,2.91456253641504,0.0711332093626959,0.943585195871945,0.969461138919646,-6.31851685557443
"RELN",0.00651954846211122,2.39431746255951,0.0695720690182231,0.944821255224201,0.969461138919646,-6.31862539392778
"PARP9",0.00180444098981702,3.35667217311475,0.0694707807015062,0.944901456733682,0.969461138919646,-6.31863235281805
"LTBP1",0.00158354223495083,3.32456356705639,0.0640320964130459,0.949208707420878,0.972549905144342,-6.31899112592247
"CD58",-0.00156976794231767,2.908866426668,-0.0620339722454014,0.950791544423979,0.97284264436287,-6.3191155947556
"RPS6KB1",-0.000774594199045353,3.1751539717924,-0.0535446868494292,0.957518584474246,0.976589139379712,-6.31960043028188
"CCL19",0.00425382659690277,2.30848819564561,0.0522042813797149,0.958581040354644,0.976589139379712,-6.31967047303093
"ICAM3",0.00164922665903289,2.94209133642291,0.049974246571458,0.960348817155093,0.976589139379712,-6.31978306926084
"FOXP3",-0.0037792760727493,2.39385748893025,-0.049642710818545,0.960611647126602,0.976589139379712,-6.31979938915797
"KIT",0.00261660868792424,2.76436454160849,0.0491986207416407,0.960963713149636,0.976589139379712,-6.3198210793695
"C7",0.00442856545687587,3.01320321735021,0.0444502541118291,0.964728602848198,0.979088568519822,-6.3200408163756
"COMP",-0.00287266506960027,2.36143879896228,-0.0418733413320371,0.966772133100998,0.979836621386147,-6.32015073941451
"MAGEB2",0.00195063381262806,2.49584449323575,0.0391256467307205,0.96895134348683,0.980570320974334,-6.32026071837285
"RSAD2",0.00180990680396942,3.28001691096489,0.0376637190267366,0.970110904217274,0.980570320974334,-6.32031619244878
"TNKS",-0.000234984743280542,3.36944393716984,-0.0173826279440987,0.986202910584934,0.995494189688695,-6.32086787419209
"INHBA",-0.000891172650161476,2.70651880524109,-0.0154203444168685,0.987760297176107,0.995726106024301,-6.32089968313387
"MAGEC2",-0.000558452591465919,2.24030137994948,-0.00549629640080128,0.995637230382556,0.998450038952195,-6.32100226162839
"GBP4",-0.000229770603934032,3.0676594596673,-0.00503327681621911,0.996004755970044,0.998450038952195,-6.32100467090486
"HLA-C",-8.68707462062801e-05,3.62855297197294,-0.00371613512190421,0.997050252487866,0.998450038952195,-6.32101036582906
"ZAP70",-0.000173706206271884,2.67598243036759,-0.00302707054496552,0.997597207697238,0.998450038952195,-6.32101266199352
"HLA-A",-0.000136537341331788,3.66133741772483,-0.00213556023270016,0.998304858895561,0.998450038952195,-6.32101493643172
"ITGB8",-5.13644247308598e-05,3.61348493743201,-0.0019526603102365,0.998450038952195,0.998450038952195,-6.32101530594033
